method,patient_idx,success,latency_sec,real_cvr,kde,effort,dataset,seed
growing_spheres_legacy,0,True,0.0010547637939453125,True,-14.89076003767867,7.310741930443494,uci,0
dice_legacy,0,True,0.004350900650024414,True,-12.430131513709295,6.042044162750244,uci,0
growing_spheres_legacy,1,False,0.0013010501861572266,,,,uci,0
dice_legacy,1,True,0.005329132080078125,True,-9.270136393977634,9.83688735961914,uci,0
growing_spheres_legacy,4,True,0.0011301040649414062,True,-9.702378685035576,9.377342242801804,uci,0
dice_legacy,4,True,0.0037839412689208984,True,-8.417488589507773,7.756307601928711,uci,0
growing_spheres_legacy,6,False,0.0013349056243896484,,,,uci,0
dice_legacy,6,False,0.01453709602355957,,,,uci,0
growing_spheres_legacy,7,True,0.0007569789886474609,True,-8.753025557578628,7.404810171317461,uci,0
dice_legacy,7,True,0.0018711090087890625,True,-8.746366304389802,4.9652886390686035,uci,0
growing_spheres_legacy,8,True,0.001249074935913086,True,-15.759567726275652,10.968314998867967,uci,0
dice_legacy,8,True,0.0033750534057617188,True,-15.20613310331819,7.405582904815674,uci,0
growing_spheres_legacy,9,True,0.0007719993591308594,False,-14.700210950865097,7.524468406178078,uci,0
dice_legacy,9,True,0.0021119117736816406,True,-12.56582953411409,4.810154438018799,uci,0
growing_spheres_legacy,11,True,0.00080108642578125,True,-10.952458843245894,5.283156490309449,uci,0
dice_legacy,11,True,0.002093791961669922,True,-11.20490733289481,5.104288101196289,uci,0
growing_spheres_legacy,14,True,0.0011029243469238281,True,-10.820507164719348,8.249463922385381,uci,0
dice_legacy,14,True,0.0034551620483398438,True,-11.433968681121073,7.4191508293151855,uci,0
growing_spheres_legacy,16,True,0.0010790824890136719,True,-9.810653468309583,9.761017895043828,uci,0
dice_legacy,16,False,0.0144500732421875,,,,uci,0
growing_spheres_legacy,20,True,0.00042629241943359375,True,-7.875727142949529,3.2638668489599825,uci,0
dice_legacy,20,True,0.0011429786682128906,True,-7.715078065602942,2.964413642883301,uci,0
growing_spheres_legacy,24,True,0.0007579326629638672,True,-12.488151093875217,4.749612287335197,uci,0
dice_legacy,24,False,0.01402902603149414,,,,uci,0
growing_spheres_legacy,28,True,0.0005781650543212891,True,-15.644498195539843,3.921573538998574,uci,0
dice_legacy,28,True,0.0013289451599121094,True,-16.01440708146748,3.193662643432617,uci,0
growing_spheres_legacy,30,True,0.0007188320159912109,True,-11.179834648650314,6.334468949058721,uci,0
dice_legacy,30,True,0.0019137859344482422,True,-9.841737238498547,5.108845233917236,uci,0
growing_spheres_legacy,32,True,0.0007772445678710938,True,-13.93299671562271,4.240889275952185,uci,0
dice_legacy,32,True,0.0025827884674072266,True,-15.58444987408637,5.416179656982422,uci,0
growing_spheres_legacy,6,True,0.0006670951843261719,True,-10.288363202903026,4.157812034115023,uci,1
dice_legacy,6,True,0.0030677318572998047,True,-9.71338405896509,4.233232021331787,uci,1
growing_spheres_legacy,10,True,0.0011219978332519531,True,-11.47262881038592,10.026201967298746,uci,1
dice_legacy,10,False,0.014721870422363281,,,,uci,1
growing_spheres_legacy,15,True,0.0008208751678466797,True,-8.320448792360786,6.350544821112751,uci,1
dice_legacy,15,True,0.002031087875366211,True,-8.296224273606526,4.3830060958862305,uci,1
growing_spheres_legacy,16,True,0.0007350444793701172,True,-11.602077328109903,5.047648532718706,uci,1
dice_legacy,16,False,0.014269113540649414,,,,uci,1
growing_spheres_legacy,19,False,0.0012850761413574219,,,,uci,1
dice_legacy,19,False,0.014154434204101562,,,,uci,1
growing_spheres_legacy,21,True,0.0006880760192871094,True,-11.930020464231436,6.857923697023441,uci,1
dice_legacy,21,False,0.01470327377319336,,,,uci,1
growing_spheres_legacy,22,False,0.0012629032135009766,,,,uci,1
dice_legacy,22,False,0.014323949813842773,,,,uci,1
growing_spheres_legacy,26,True,0.0009348392486572266,True,-14.241267385079919,8.24123795669585,uci,1
dice_legacy,26,False,0.014253854751586914,,,,uci,1
growing_spheres_legacy,29,True,0.0011439323425292969,True,-10.790710848463492,7.521167171272039,uci,1
dice_legacy,29,False,0.014999151229858398,,,,uci,1
growing_spheres_legacy,32,True,0.0011420249938964844,True,-12.15582289278871,11.16546431669045,uci,1
dice_legacy,32,False,0.014806985855102539,,,,uci,1
growing_spheres_legacy,33,True,0.0011830329895019531,True,-10.277154807839729,11.688361415399081,uci,1
dice_legacy,33,False,0.014661073684692383,,,,uci,1
growing_spheres_legacy,39,True,0.0012087821960449219,True,-8.738196710310069,11.218233980526009,uci,1
dice_legacy,39,False,0.014354228973388672,,,,uci,1
growing_spheres_legacy,40,True,0.0004858970642089844,True,-8.122939635944459,4.083102823230458,uci,1
dice_legacy,40,False,0.01415705680847168,,,,uci,1
growing_spheres_legacy,42,False,0.0013051033020019531,,,,uci,1
dice_legacy,42,False,0.01477503776550293,,,,uci,1
growing_spheres_legacy,45,True,0.0007219314575195312,True,-9.90631096191336,5.228535859361438,uci,1
dice_legacy,45,True,0.002707958221435547,True,-9.023487298637797,4.537550926208496,uci,1
growing_spheres_legacy,4,True,0.0009479522705078125,True,-11.592609618846964,8.707221803329379,uci,2
dice_legacy,4,True,0.002781391143798828,True,-11.519023139434987,5.876189708709717,uci,2
growing_spheres_legacy,7,True,0.0008912086486816406,True,-15.29015870654815,5.835271929709816,uci,2
dice_legacy,7,True,0.002229928970336914,True,-12.450314352103812,5.07284688949585,uci,2
growing_spheres_legacy,8,False,0.0013401508331298828,,,,uci,2
dice_legacy,8,False,0.015241861343383789,,,,uci,2
growing_spheres_legacy,13,True,0.0012040138244628906,True,-9.000333738282617,10.730803269324253,uci,2
dice_legacy,13,True,0.003175020217895508,True,-7.852728390726677,7.303307056427002,uci,2
growing_spheres_legacy,14,False,0.0012769699096679688,,,,uci,2
dice_legacy,14,False,0.014312982559204102,,,,uci,2
growing_spheres_legacy,17,True,0.0012276172637939453,True,-12.562424654265772,7.01033511120883,uci,2
dice_legacy,17,True,0.0040361881256103516,True,-10.86262383099573,8.173395156860352,uci,2
growing_spheres_legacy,25,True,0.0007648468017578125,True,-11.230029809156985,5.550934082897623,uci,2
dice_legacy,25,True,0.001981973648071289,True,-11.897987539273565,5.281391143798828,uci,2
growing_spheres_legacy,26,False,0.0012731552124023438,,,,uci,2
dice_legacy,26,False,0.01483297348022461,,,,uci,2
growing_spheres_legacy,30,False,0.0013010501861572266,,,,uci,2
dice_legacy,30,False,0.014860153198242188,,,,uci,2
growing_spheres_legacy,32,True,0.0012230873107910156,True,-13.172547228506144,7.557798886975357,uci,2
dice_legacy,32,False,0.014594793319702148,,,,uci,2
growing_spheres_legacy,35,True,0.0007901191711425781,True,-9.501079294452843,5.069062269858199,uci,2
dice_legacy,35,True,0.002154111862182617,True,-9.754964315910723,4.298628330230713,uci,2
growing_spheres_legacy,38,True,0.0006241798400878906,True,-8.329966498111727,5.182349663960422,uci,2
dice_legacy,38,True,0.0016179084777832031,True,-7.500745057705081,3.503485679626465,uci,2
growing_spheres_legacy,40,False,0.0012559890747070312,,,,uci,2
dice_legacy,40,False,0.014240026473999023,,,,uci,2
growing_spheres_legacy,42,True,0.0012781620025634766,True,-9.199745147373882,12.703583781615261,uci,2
dice_legacy,42,True,0.0038230419158935547,True,-7.838865271323969,7.596109390258789,uci,2
growing_spheres_legacy,43,False,0.0012819766998291016,,,,uci,2
dice_legacy,43,False,0.014813899993896484,,,,uci,2
growing_spheres_legacy,7,True,0.0011799335479736328,True,-10.23961869966806,8.294545797399564,uci,3
dice_legacy,7,False,0.014287948608398438,,,,uci,3
growing_spheres_legacy,10,True,0.0006940364837646484,True,-9.30429378885538,6.237682813615004,uci,3
dice_legacy,10,True,0.002349853515625,True,-9.267924217014146,5.258007049560547,uci,3
growing_spheres_legacy,12,True,0.0007050037384033203,True,-10.662873638067605,4.997174645447501,uci,3
dice_legacy,12,True,0.0017921924591064453,True,-10.430470949100755,4.849499225616455,uci,3
growing_spheres_legacy,13,True,0.0011029243469238281,True,-10.790462903893587,10.814498525161278,uci,3
dice_legacy,13,True,0.002310037612915039,True,-9.536360806675322,6.763177394866943,uci,3
growing_spheres_legacy,16,True,0.0008540153503417969,True,-14.921149008646523,5.348287954983943,uci,3
dice_legacy,16,True,0.0021457672119140625,True,-11.442719550413011,5.009390830993652,uci,3
growing_spheres_legacy,18,True,0.0006508827209472656,True,-12.592227633274115,3.7685686159509224,uci,3
dice_legacy,18,True,0.0027060508728027344,True,-12.139024477850118,3.7703511714935303,uci,3
growing_spheres_legacy,20,True,0.0007917881011962891,True,-8.39010486928727,5.287268071738963,uci,3
dice_legacy,20,True,0.0016407966613769531,True,-7.77278936125807,4.109908580780029,uci,3
growing_spheres_legacy,22,True,0.0008997917175292969,True,-10.084726586149973,8.114992575858295,uci,3
dice_legacy,22,True,0.0025207996368408203,True,-8.184564882462137,6.5933918952941895,uci,3
growing_spheres_legacy,23,False,0.0013089179992675781,,,,uci,3
dice_legacy,23,False,0.014401912689208984,,,,uci,3
growing_spheres_legacy,25,True,0.0005447864532470703,True,-11.442160223246646,4.872164028199387,uci,3
dice_legacy,25,True,0.0016651153564453125,True,-11.28983290726508,3.718085289001465,uci,3
growing_spheres_legacy,26,True,0.0007269382476806641,True,-19.59967705277456,6.945265932054574,uci,3
dice_legacy,26,True,0.0017120838165283203,True,-18.338085704391105,4.79075288772583,uci,3
growing_spheres_legacy,30,True,0.0008592605590820312,True,-10.284350053192608,7.990887369563998,uci,3
dice_legacy,30,True,0.00432896614074707,True,-9.284433090014291,6.572050094604492,uci,3
growing_spheres_legacy,33,True,0.0012428760528564453,True,-13.788637900536898,13.03923345109532,uci,3
dice_legacy,33,False,0.014308691024780273,,,,uci,3
growing_spheres_legacy,35,True,0.0006070137023925781,True,-14.036958931778248,5.115517053229648,uci,3
dice_legacy,35,True,0.0019969940185546875,True,-13.260450727213506,4.049746036529541,uci,3
growing_spheres_legacy,39,True,0.0019347667694091797,True,-11.700302176300665,9.414949853129723,uci,3
dice_legacy,39,True,0.003973960876464844,True,-11.836896537170928,6.360128402709961,uci,3
growing_spheres_legacy,3,True,0.0007898807525634766,True,-10.355098943199007,6.3785503543008994,uci,4
dice_legacy,3,True,0.0022039413452148438,True,-10.75164338474448,5.409217357635498,uci,4
growing_spheres_legacy,4,True,0.0007760524749755859,True,-17.740404035013363,5.71792818649746,uci,4
dice_legacy,4,True,0.002360105514526367,True,-16.172689396219386,5.370755195617676,uci,4
growing_spheres_legacy,5,True,0.0008168220520019531,True,-10.335558280913688,4.633317703054635,uci,4
dice_legacy,5,True,0.0019719600677490234,True,-9.837015463015046,4.815683841705322,uci,4
growing_spheres_legacy,11,True,0.0013420581817626953,True,-12.397191810487016,7.6513881405520925,uci,4
dice_legacy,11,True,0.0034208297729492188,True,-12.695484020480514,9.862822532653809,uci,4
growing_spheres_legacy,14,True,0.0006608963012695312,True,-9.039231839307796,4.602171418672896,uci,4
dice_legacy,14,True,0.001313924789428711,True,-8.513175508950514,3.2872190475463867,uci,4
growing_spheres_legacy,17,True,0.0005247592926025391,False,-8.079186889761225,3.991310502832291,uci,4
dice_legacy,17,True,0.0012519359588623047,True,-7.554345766471593,3.2876460552215576,uci,4
growing_spheres_legacy,19,True,0.0009980201721191406,True,-8.947951604745443,7.668181031979955,uci,4
dice_legacy,19,True,0.002498149871826172,True,-9.021446617851968,6.646533966064453,uci,4
growing_spheres_legacy,20,True,0.0008981227874755859,True,-12.562497384970614,7.3438459615844955,uci,4
dice_legacy,20,True,0.002232789993286133,True,-11.911160325541543,6.334844589233398,uci,4
growing_spheres_legacy,23,True,0.0008080005645751953,True,-11.282296917091251,7.761541902830167,uci,4
dice_legacy,23,True,0.0026369094848632812,True,-11.316918858501822,7.5105671882629395,uci,4
growing_spheres_legacy,27,True,0.0004918575286865234,False,-9.39667518366188,3.466489400485541,uci,4
dice_legacy,27,True,0.001191854476928711,False,-9.343474718118216,2.9874825477600098,uci,4
growing_spheres_legacy,32,True,0.0010540485382080078,True,-9.024852157011276,10.70683188829822,uci,4
dice_legacy,32,True,0.002939939498901367,True,-7.7299553150647204,8.326342582702637,uci,4
growing_spheres_legacy,33,True,0.0008611679077148438,True,-9.304745795998027,6.0075636797878325,uci,4
dice_legacy,33,True,0.002585172653198242,True,-8.942732987828942,7.278564929962158,uci,4
growing_spheres_legacy,34,False,0.0012888908386230469,,,,uci,4
dice_legacy,34,True,0.004778861999511719,True,-9.557130742695119,10.734869003295898,uci,4
growing_spheres_legacy,36,True,0.0010478496551513672,True,-9.827472210484215,7.44562582040797,uci,4
dice_legacy,36,True,0.0025191307067871094,True,-8.92457947138137,6.236362457275391,uci,4
growing_spheres_legacy,37,True,0.0008349418640136719,True,-16.416679160604232,6.869086627212739,uci,4
dice_legacy,37,True,0.001851797103881836,True,-14.774329333105584,4.845627784729004,uci,4
growing_spheres_legacy,1,True,0.0009338855743408203,True,-8.456237333382509,4.093910183180467,nhanes_real,0
dice_legacy,1,False,0.014431238174438477,,,,nhanes_real,0
growing_spheres_legacy,2,True,0.0006053447723388672,True,-7.150907856860823,2.1798177269693806,nhanes_real,0
dice_legacy,2,False,0.014681816101074219,,,,nhanes_real,0
growing_spheres_legacy,5,True,0.0004730224609375,True,-9.012353223789447,2.435131121013976,nhanes_real,0
dice_legacy,5,True,0.0017511844635009766,True,-9.258845002171999,2.562870979309082,nhanes_real,0
growing_spheres_legacy,6,True,0.00028896331787109375,True,-6.672806808466559,1.0167462187022702,nhanes_real,0
dice_legacy,6,True,0.0008749961853027344,True,-6.729880066884816,2.3061323165893555,nhanes_real,0
growing_spheres_legacy,7,True,0.0009019374847412109,True,-7.273684821339323,2.7249205465163993,nhanes_real,0
dice_legacy,7,False,0.014414072036743164,,,,nhanes_real,0
growing_spheres_legacy,8,True,0.0006401538848876953,True,-6.932494643755085,3.8266754825702263,nhanes_real,0
dice_legacy,8,False,0.014126062393188477,,,,nhanes_real,0
growing_spheres_legacy,9,True,0.0003859996795654297,True,-9.24776146532908,2.574285068363549,nhanes_real,0
dice_legacy,9,True,0.0011668205261230469,True,-9.361149861448808,2.1817426681518555,nhanes_real,0
growing_spheres_legacy,11,True,0.0009930133819580078,True,-9.252426694032513,6.106751976337052,nhanes_real,0
dice_legacy,11,False,0.014528036117553711,,,,nhanes_real,0
growing_spheres_legacy,12,True,0.0006070137023925781,True,-8.218990957634752,3.4858240223233468,nhanes_real,0
dice_legacy,12,True,0.0018088817596435547,True,-8.000314239583407,1.7456605434417725,nhanes_real,0
growing_spheres_legacy,13,True,0.0007808208465576172,True,-10.243435955805676,3.8894780305383745,nhanes_real,0
dice_legacy,13,False,0.014584064483642578,,,,nhanes_real,0
growing_spheres_legacy,14,True,0.0006861686706542969,True,-9.276548370672067,2.539046282998857,nhanes_real,0
dice_legacy,14,False,0.014414072036743164,,,,nhanes_real,0
growing_spheres_legacy,17,True,0.0004620552062988281,True,-7.4770950783012236,3.3775956974857086,nhanes_real,0
dice_legacy,17,True,0.0014300346374511719,True,-7.377720916635502,1.837920069694519,nhanes_real,0
growing_spheres_legacy,21,True,0.001055002212524414,True,-10.960202364573718,5.531146301119026,nhanes_real,0
dice_legacy,21,False,0.014371156692504883,,,,nhanes_real,0
growing_spheres_legacy,22,True,0.000415802001953125,True,-7.0606898288804345,2.0449788040869206,nhanes_real,0
dice_legacy,22,True,0.0010569095611572266,True,-7.189810838865634,2.1823534965515137,nhanes_real,0
growing_spheres_legacy,23,True,0.0003337860107421875,True,-8.306170231193935,1.3062006202511833,nhanes_real,0
dice_legacy,23,True,0.0008749961853027344,True,-8.085644052727208,1.7745180130004883,nhanes_real,0
growing_spheres_legacy,0,True,0.0007760524749755859,True,-8.007217407632607,2.6211930449913594,nhanes_real,1
dice_legacy,0,True,0.0031807422637939453,True,-7.97693346276901,2.554348945617676,nhanes_real,1
growing_spheres_legacy,4,True,0.0008442401885986328,True,-8.056889447757705,4.277532170861897,nhanes_real,1
dice_legacy,4,False,0.014283895492553711,,,,nhanes_real,1
growing_spheres_legacy,7,True,0.0006778240203857422,True,-11.795670673768441,3.7881326071672126,nhanes_real,1
dice_legacy,7,False,0.014799118041992188,,,,nhanes_real,1
growing_spheres_legacy,8,True,0.0006520748138427734,True,-7.261699406253806,2.2211933012874603,nhanes_real,1
dice_legacy,8,False,0.016204833984375,,,,nhanes_real,1
growing_spheres_legacy,9,True,0.0011677742004394531,True,-7.860153394182755,9.189301016351223,nhanes_real,1
dice_legacy,9,False,0.014585018157958984,,,,nhanes_real,1
growing_spheres_legacy,11,True,0.0004291534423828125,True,-6.79198762111752,2.4960120719044596,nhanes_real,1
dice_legacy,11,True,0.0008931159973144531,True,-7.028978532842817,1.8280293941497803,nhanes_real,1
growing_spheres_legacy,12,True,0.000270843505859375,True,-6.485293793671028,1.303970650694223,nhanes_real,1
dice_legacy,12,True,0.0008280277252197266,True,-6.6493475513973035,1.1979745626449585,nhanes_real,1
growing_spheres_legacy,13,True,0.0006961822509765625,True,-7.297317306444687,3.155934042391941,nhanes_real,1
dice_legacy,13,False,0.014854192733764648,,,,nhanes_real,1
growing_spheres_legacy,14,True,0.0008339881896972656,True,-7.718729263035149,5.473118095362603,nhanes_real,1
dice_legacy,14,False,0.014773130416870117,,,,nhanes_real,1
growing_spheres_legacy,16,True,0.0002601146697998047,True,-9.704869187864539,0.8290235966319411,nhanes_real,1
dice_legacy,16,True,0.00045013427734375,True,-9.623083067636838,1.0322253704071045,nhanes_real,1
growing_spheres_legacy,17,True,0.0009720325469970703,True,-11.20401564193974,3.5209582213660156,nhanes_real,1
dice_legacy,17,False,0.014733076095581055,,,,nhanes_real,1
growing_spheres_legacy,19,True,0.0005707740783691406,True,-8.491804765264991,4.171634071519861,nhanes_real,1
dice_legacy,19,True,0.001959085464477539,True,-8.108795134707163,2.3963968753814697,nhanes_real,1
growing_spheres_legacy,20,True,0.0008051395416259766,True,-11.82952103634679,4.847546729959401,nhanes_real,1
dice_legacy,20,False,0.014565706253051758,,,,nhanes_real,1
growing_spheres_legacy,21,True,0.0005247592926025391,True,-7.950930688400154,3.9963052538080794,nhanes_real,1
dice_legacy,21,True,0.0016009807586669922,True,-7.227742018603573,2.506709337234497,nhanes_real,1
growing_spheres_legacy,22,True,0.000965118408203125,True,-10.101652233365414,3.4508096683769964,nhanes_real,1
dice_legacy,22,False,0.014652013778686523,,,,nhanes_real,1
growing_spheres_legacy,0,True,0.0013859272003173828,True,-7.2114635494440495,1.739347153318722,nhanes_real,2
dice_legacy,0,False,0.01657891273498535,,,,nhanes_real,2
growing_spheres_legacy,4,True,0.00026607513427734375,True,-11.373155251496513,1.0421472407821892,nhanes_real,2
dice_legacy,4,True,0.0008509159088134766,True,-11.110304632841023,2.0462446212768555,nhanes_real,2
growing_spheres_legacy,5,True,0.00040602684020996094,True,-7.834892957988202,1.042584817996869,nhanes_real,2
dice_legacy,5,True,0.0012958049774169922,True,-7.543896557563471,3.010047435760498,nhanes_real,2
growing_spheres_legacy,7,True,0.000308990478515625,True,-6.6946572167014295,1.741388932591945,nhanes_real,2
dice_legacy,7,True,0.000843048095703125,True,-6.553551202365936,2.3075594902038574,nhanes_real,2
growing_spheres_legacy,8,True,0.0005538463592529297,True,-6.937830642130848,2.08898033649621,nhanes_real,2
dice_legacy,8,False,0.025471925735473633,,,,nhanes_real,2
growing_spheres_legacy,10,True,0.0006859302520751953,True,-8.306305862754865,2.9881702533873264,nhanes_real,2
dice_legacy,10,False,0.015917062759399414,,,,nhanes_real,2
growing_spheres_legacy,11,True,0.0006208419799804688,True,-6.855462720817259,2.9007540864039645,nhanes_real,2
dice_legacy,11,False,0.016360998153686523,,,,nhanes_real,2
growing_spheres_legacy,12,True,0.0006301403045654297,True,-8.96487770641781,2.535739742020568,nhanes_real,2
dice_legacy,12,False,0.01495671272277832,,,,nhanes_real,2
growing_spheres_legacy,13,True,0.0007030963897705078,True,-8.276754298241293,5.54073467562,nhanes_real,2
dice_legacy,13,False,0.015052080154418945,,,,nhanes_real,2
growing_spheres_legacy,14,True,0.0002751350402832031,True,-7.499423669831298,1.7092654071431528,nhanes_real,2
dice_legacy,14,True,0.0008840560913085938,True,-7.727010672571222,1.6425533294677734,nhanes_real,2
growing_spheres_legacy,17,True,0.0009462833404541016,True,-7.313034511124314,2.110216334666877,nhanes_real,2
dice_legacy,17,False,0.014628887176513672,,,,nhanes_real,2
growing_spheres_legacy,18,True,0.0003571510314941406,True,-9.005554048006468,1.6177096308353365,nhanes_real,2
dice_legacy,18,True,0.0009942054748535156,True,-8.894275270335688,2.8330721855163574,nhanes_real,2
growing_spheres_legacy,19,True,0.0007441043853759766,True,-7.527704483706202,3.1523615583052953,nhanes_real,2
dice_legacy,19,False,0.014962911605834961,,,,nhanes_real,2
growing_spheres_legacy,22,True,0.0008466243743896484,True,-9.822855826766263,2.635613783078124,nhanes_real,2
dice_legacy,22,False,0.014713048934936523,,,,nhanes_real,2
growing_spheres_legacy,23,True,0.00022983551025390625,True,-6.748957604106012,0.6732571170043525,nhanes_real,2
dice_legacy,23,True,0.0007250308990478516,True,-6.671772372188607,1.425832748413086,nhanes_real,2
growing_spheres_legacy,1,True,0.0017230510711669922,True,-7.273626263620127,1.6473217743796378,nhanes_real,3
dice_legacy,1,True,0.0037589073181152344,True,-7.432048596408277,2.209171772003174,nhanes_real,3
growing_spheres_legacy,2,True,0.00025916099548339844,True,-7.2495496123709895,0.7485185555592788,nhanes_real,3
dice_legacy,2,True,0.0007212162017822266,True,-7.3395552335159895,1.2739876508712769,nhanes_real,3
growing_spheres_legacy,6,True,0.0005409717559814453,True,-10.561727891854044,3.9002309127677126,nhanes_real,3
dice_legacy,6,True,0.0017518997192382812,True,-9.650677868393323,2.384906768798828,nhanes_real,3
growing_spheres_legacy,7,True,0.0005590915679931641,True,-10.406564117185104,2.173636097595775,nhanes_real,3
dice_legacy,7,True,0.0017380714416503906,True,-10.265239441787541,2.3131020069122314,nhanes_real,3
growing_spheres_legacy,8,True,0.0009529590606689453,True,-8.204358941636709,6.203573325340571,nhanes_real,3
dice_legacy,8,False,0.014898061752319336,,,,nhanes_real,3
growing_spheres_legacy,9,True,0.00037789344787597656,True,-16.485595788517088,1.0759363035529943,nhanes_real,3
dice_legacy,9,True,0.0010540485382080078,True,-15.351681968538703,2.6903843879699707,nhanes_real,3
growing_spheres_legacy,11,True,0.0008707046508789062,True,-9.858745367290101,4.2123048099196705,nhanes_real,3
dice_legacy,11,False,0.015157938003540039,,,,nhanes_real,3
growing_spheres_legacy,12,True,0.0010821819305419922,True,-11.065182784160646,3.240969456170135,nhanes_real,3
dice_legacy,12,False,0.015167951583862305,,,,nhanes_real,3
growing_spheres_legacy,14,True,0.00038123130798339844,True,-6.521885249512065,1.8212830321147595,nhanes_real,3
dice_legacy,14,True,0.0010640621185302734,True,-6.823240072695695,1.7475509643554688,nhanes_real,3
growing_spheres_legacy,16,True,0.0006759166717529297,True,-9.508395158468119,4.482524286169844,nhanes_real,3
dice_legacy,16,False,0.014566183090209961,,,,nhanes_real,3
growing_spheres_legacy,17,True,0.0004210472106933594,True,-7.829591589940879,2.3259108329190843,nhanes_real,3
dice_legacy,17,True,0.0010709762573242188,True,-7.440889039504914,2.191535472869873,nhanes_real,3
growing_spheres_legacy,18,True,0.0001709461212158203,True,-7.285301570559438,0.4059278581495882,nhanes_real,3
dice_legacy,18,True,0.0005812644958496094,True,-7.216565612007193,1.2235034704208374,nhanes_real,3
growing_spheres_legacy,21,True,0.00026798248291015625,True,-11.43728151208555,1.2784564956723576,nhanes_real,3
dice_legacy,21,True,0.0007512569427490234,True,-11.102274063018248,1.7724037170410156,nhanes_real,3
growing_spheres_legacy,22,True,0.0002930164337158203,True,-6.657092268423257,1.2750046321137212,nhanes_real,3
dice_legacy,22,True,0.0008749961853027344,True,-6.675011968656777,1.921059489250183,nhanes_real,3
growing_spheres_legacy,24,True,0.00037097930908203125,True,-7.09552251925215,2.206998529710577,nhanes_real,3
dice_legacy,24,True,0.0011699199676513672,True,-7.150583678338954,2.287416934967041,nhanes_real,3
growing_spheres_legacy,4,True,0.0001850128173828125,True,-6.857206245055807,0.3761074184015828,nhanes_real,4
dice_legacy,4,True,0.0006258487701416016,True,-6.741645346369393,1.5067920684814453,nhanes_real,4
growing_spheres_legacy,5,True,0.0006618499755859375,True,-7.86165759967066,3.3144476168427577,nhanes_real,4
dice_legacy,5,False,0.014393091201782227,,,,nhanes_real,4
growing_spheres_legacy,6,True,0.0005502700805664062,True,-10.196618708633231,2.9077228492797467,nhanes_real,4
dice_legacy,6,True,0.0018889904022216797,True,-10.47718151231421,2.8982152938842773,nhanes_real,4
growing_spheres_legacy,7,True,0.0006361007690429688,True,-8.41694175236408,2.418311308364732,nhanes_real,4
dice_legacy,7,True,0.002285003662109375,True,-9.299005383628602,3.158456802368164,nhanes_real,4
growing_spheres_legacy,8,True,0.0003001689910888672,True,-9.094512644129903,1.6705207021255042,nhanes_real,4
dice_legacy,8,True,0.0008802413940429688,True,-9.045116322438204,1.5798790454864502,nhanes_real,4
growing_spheres_legacy,9,True,0.0008630752563476562,True,-10.658778900735236,3.473596463745743,nhanes_real,4
dice_legacy,9,False,0.014504194259643555,,,,nhanes_real,4
growing_spheres_legacy,12,True,0.0005440711975097656,True,-6.879539710218159,3.7366528780812254,nhanes_real,4
dice_legacy,12,False,0.016417980194091797,,,,nhanes_real,4
growing_spheres_legacy,13,True,0.0003249645233154297,True,-9.36013641086354,2.134332643428521,nhanes_real,4
dice_legacy,13,True,0.0008702278137207031,True,-9.3351098457524,2.1335999965667725,nhanes_real,4
growing_spheres_legacy,15,True,0.00020503997802734375,True,-6.068127695564506,0.9206636410996665,nhanes_real,4
dice_legacy,15,True,0.0007538795471191406,True,-6.119692327034954,1.855767846107483,nhanes_real,4
growing_spheres_legacy,16,False,0.0012850761413574219,,,,nhanes_real,4
dice_legacy,16,False,0.014586925506591797,,,,nhanes_real,4
growing_spheres_legacy,17,True,0.0005879402160644531,True,-9.623972461089132,3.1393213139135385,nhanes_real,4
dice_legacy,17,False,0.014695882797241211,,,,nhanes_real,4
growing_spheres_legacy,21,True,0.0003418922424316406,True,-7.212320737253197,2.022063672253955,nhanes_real,4
dice_legacy,21,True,0.0010669231414794922,True,-7.5398156660132045,2.5108425617218018,nhanes_real,4
growing_spheres_legacy,22,True,0.0007648468017578125,True,-8.216076942573768,6.025161348557885,nhanes_real,4
dice_legacy,22,False,0.014327049255371094,,,,nhanes_real,4
growing_spheres_legacy,25,True,0.0008580684661865234,True,-12.279137451581647,4.553353865993728,nhanes_real,4
dice_legacy,25,False,0.015000104904174805,,,,nhanes_real,4
growing_spheres_legacy,27,True,0.0007479190826416016,True,-9.47470853829283,2.9786035367764994,nhanes_real,4
dice_legacy,27,False,0.014441967010498047,,,,nhanes_real,4
