dataset,seed,patient_idx,method,success,latency_sec,cvr_hard,cvr_full,effort,kde
uci,0,0,DiCE,True,0.005734209029469639,1.0,1.0,7.371255874633789,-14.25264411403451
uci,0,0,FACE,True,0.006271124992053956,0.0,0.0,11.468847274780273,-6.553326268377009
uci,0,0,GrowingSpheres,True,0.001506541040726006,1.0,1.0,9.01280895784381,-13.117702900591517
uci,0,0,REVISE,True,0.0031651249737478793,1.0,1.0,10.859634399414062,-7.15970723872674
uci,0,1,DiCE,True,0.006123083003330976,1.0,1.0,11.364034652709961,-11.07452619164473
uci,0,1,FACE,True,0.0034170830040238798,1.0,1.0,5.835699081420898,-7.368319136873541
uci,0,1,GrowingSpheres,False,0.0013006249791942537,,,,
uci,0,1,REVISE,True,0.01508704200387001,1.0,1.0,9.328258514404297,-7.13869675603091
uci,0,4,DiCE,True,0.004277917032595724,1.0,1.0,9.071464538574219,-7.740681699535296
uci,0,4,FACE,True,0.0036424159770831466,1.0,1.0,10.140365600585938,-6.965164701411759
uci,0,4,GrowingSpheres,False,0.0012570410035550594,,,,
uci,0,4,REVISE,True,0.008902666042558849,1.0,1.0,8.832160949707031,-7.099581483156076
uci,0,6,DiCE,False,0.01526329095941037,,,,
uci,0,6,FACE,True,0.003510708047542721,1.0,1.0,14.147717475891113,-6.866234484052912
uci,0,6,GrowingSpheres,False,0.001380832982249558,,,,
uci,0,6,REVISE,True,0.007060832984279841,1.0,1.0,16.50122833251953,-7.098366518220798
uci,0,7,DiCE,True,0.0024651249987073243,1.0,1.0,6.550660133361816,-9.521561826689371
uci,0,7,FACE,True,0.0033319999929517508,1.0,1.0,8.672419548034668,-7.3609640655454465
uci,0,7,GrowingSpheres,True,0.0011945840087719262,1.0,1.0,9.645431897487432,-16.191857931574802
uci,0,7,REVISE,True,0.0005956670502200723,1.0,1.0,12.020127296447754,-7.2219350256263874
uci,0,8,DiCE,True,0.004287832998670638,1.0,1.0,9.220826148986816,-14.871967620199863
uci,0,8,FACE,True,0.0033714580349624157,1.0,1.0,10.912824630737305,-7.30843816452294
uci,0,8,GrowingSpheres,False,0.0013177079963497818,,,,
uci,0,8,REVISE,True,0.007603249978274107,1.0,1.0,11.794987678527832,-7.111246206135867
uci,0,9,DiCE,True,0.0036064579617232084,1.0,1.0,6.648592472076416,-11.992690247326284
uci,0,9,FACE,True,0.003994083032011986,1.0,1.0,11.339191436767578,-6.721918648165302
uci,0,9,GrowingSpheres,True,0.001018540991935879,1.0,1.0,5.859165540686307,-16.50751077491612
uci,0,9,REVISE,True,0.01621975004673004,1.0,1.0,9.011549949645996,-7.121674120187697
uci,0,11,DiCE,True,0.003555000002961606,1.0,1.0,7.171804904937744,-11.07223864101922
uci,0,11,FACE,True,0.0033919590059667826,1.0,1.0,7.3129119873046875,-7.441061175780613
uci,0,11,GrowingSpheres,True,0.001121249981224537,1.0,1.0,7.781985223467509,-20.701837867795646
uci,0,11,REVISE,True,0.02069591701729223,1.0,1.0,8.385210037231445,-7.111833505715639
uci,0,14,DiCE,True,0.004190541978459805,1.0,1.0,9.932059288024902,-12.936844637644711
uci,0,14,FACE,True,0.003284792008344084,1.0,1.0,7.273355484008789,-7.114852629664881
uci,0,14,GrowingSpheres,False,0.001288208004552871,,,,
uci,0,14,REVISE,True,0.007580125005915761,1.0,1.0,9.235319137573242,-7.097766539418014
uci,0,16,DiCE,False,0.014538916992023587,,,,
uci,0,16,FACE,True,0.003319834009744227,1.0,1.0,8.241262435913086,-7.368319136873541
uci,0,16,GrowingSpheres,False,0.0012740829843096435,,,,
uci,0,16,REVISE,True,0.002627542009577155,1.0,1.0,10.488404273986816,-7.147789695877822
uci,0,20,DiCE,True,0.0016862499760463834,1.0,1.0,4.333748817443848,-8.045718711479484
uci,0,20,FACE,True,0.0032932499889284372,1.0,1.0,2.421497106552124,-7.372343365155737
uci,0,20,GrowingSpheres,True,0.0008292919956147671,1.0,1.0,8.78396209155071,-8.635089696153159
uci,0,20,REVISE,True,0.0065115419565699995,1.0,1.0,6.241293907165527,-7.101764818935753
uci,0,24,DiCE,False,0.01410216698423028,,,,
uci,0,24,FACE,True,0.003301416989415884,1.0,1.0,5.496316909790039,-7.3949131618880735
uci,0,24,GrowingSpheres,True,0.001223792030941695,1.0,1.0,13.344606386877594,-18.55609219432943
uci,0,24,REVISE,True,0.012029291014187038,1.0,1.0,9.68480396270752,-7.1423697925614
uci,0,28,DiCE,True,0.0018631669809110463,1.0,1.0,5.059545516967773,-16.61312035928971
uci,0,28,FACE,True,0.0033036250388249755,1.0,1.0,4.374889373779297,-6.815475004600001
uci,0,28,GrowingSpheres,True,0.000597250007558614,1.0,1.0,4.6484327143148425,-16.129229830753985
uci,0,28,REVISE,True,0.00798166694585234,1.0,1.0,10.661727905273438,-7.0898209647839
uci,0,30,DiCE,True,0.002663916035089642,1.0,1.0,7.566890716552734,-9.245615478137552
uci,0,30,FACE,True,0.0033433340140618384,0.0,1.0,7.82313346862793,-7.411263025892911
uci,0,30,GrowingSpheres,True,0.0009749170276336372,1.0,1.0,7.779030065667298,-13.004269437001309
uci,0,30,REVISE,True,0.008911999990232289,1.0,1.0,5.975250244140625,-7.093687995300495
uci,0,32,DiCE,True,0.0029458749922923744,1.0,1.0,7.591073989868164,-17.628063298820244
uci,0,32,FACE,True,0.003263166989199817,1.0,1.0,12.85312557220459,-7.411263025892911
uci,0,32,GrowingSpheres,True,0.0011408330174162984,1.0,1.0,11.234729234513757,-18.56746469310189
uci,0,32,REVISE,True,0.018240542034618556,1.0,1.0,10.032974243164062,-7.127674757963341
uci,0,34,DiCE,True,0.0036467909812927246,1.0,1.0,8.680743217468262,-14.631395291691208
uci,0,34,FACE,True,0.0032697910210117698,1.0,1.0,10.087632179260254,-7.3307008501987125
uci,0,34,GrowingSpheres,True,0.0012346250005066395,1.0,1.0,13.09714204801545,-18.393692081959678
uci,0,34,REVISE,True,0.005527541972696781,1.0,1.0,10.634594917297363,-7.114814806538677
uci,0,38,DiCE,False,0.014759499987121671,,,,
uci,0,38,FACE,True,0.0033286669640801847,1.0,1.0,15.106645584106445,-6.999370755055658
uci,0,38,GrowingSpheres,False,0.0012625830131582916,,,,
uci,0,38,REVISE,True,0.008529666985850781,1.0,1.0,16.829879760742188,-7.100663103326746
uci,0,39,DiCE,True,0.001749624963849783,1.0,1.0,4.8569207191467285,-8.866371556776055
uci,0,39,FACE,True,0.0032497919746674597,1.0,1.0,5.728342533111572,-7.479703823251516
uci,0,39,GrowingSpheres,True,0.0007465410162694752,1.0,1.0,6.564077147210428,-12.100235006389148
uci,0,39,REVISE,True,0.0006070830277167261,1.0,1.0,9.051560401916504,-7.14887084825681
uci,0,44,DiCE,True,0.002765666984487325,1.0,1.0,6.643640995025635,-11.212433635977039
uci,0,44,FACE,True,0.0033320410293526947,1.0,1.0,6.777678489685059,-7.411263025892911
uci,0,44,GrowingSpheres,True,0.0011774169979617,1.0,1.0,9.458897443260751,-11.125586941250166
uci,0,44,REVISE,True,0.0033639169996604323,1.0,1.0,7.582653522491455,-7.142209441811089
uci,0,45,DiCE,True,0.00172729097539559,1.0,1.0,4.709555625915527,-11.837683817109419
uci,0,45,FACE,True,0.0032696250127628446,1.0,1.0,7.31645393371582,-6.866234484052912
uci,0,45,GrowingSpheres,True,0.0007911669672466815,1.0,1.0,7.076192429914785,-10.877912111594998
uci,0,45,REVISE,True,0.005945708020590246,1.0,1.0,8.229866027832031,-7.11664531882044
uci,0,50,DiCE,True,0.0028633750043809414,1.0,1.0,6.595188140869141,-16.44526741799391
uci,0,50,FACE,True,0.0032769590034149587,1.0,1.0,10.120116233825684,-7.443234742667363
uci,0,50,GrowingSpheres,True,0.0010139169753529131,1.0,1.0,8.411575639863308,-14.681387619095174
uci,0,50,REVISE,True,0.014132582989986986,1.0,1.0,8.615996360778809,-7.14575206152019
uci,0,52,DiCE,True,0.0031901669572107494,1.0,1.0,8.511548042297363,-12.714307441370169
uci,0,52,FACE,True,0.0033645000075921416,1.0,1.0,5.410989761352539,-7.488940560602581
uci,0,52,GrowingSpheres,True,0.0012923330068588257,1.0,1.0,11.595365819883742,-14.263260503657591
uci,0,52,REVISE,True,0.013468749995809048,1.0,1.0,9.142385482788086,-7.143758554242538
uci,0,53,DiCE,False,0.014522166980896145,,,,
uci,0,53,FACE,True,0.003311290987767279,1.0,1.0,20.03340721130371,-7.488940560602581
uci,0,53,GrowingSpheres,False,0.001285333011765033,,,,
uci,0,53,REVISE,True,0.004793166997842491,1.0,1.0,19.55362319946289,-7.128140332492265
uci,0,55,DiCE,True,0.0041498750215396285,1.0,1.0,9.234487533569336,-14.260845344984817
uci,0,55,FACE,True,0.0032527080038562417,1.0,1.0,12.408052444458008,-7.114852629664881
uci,0,55,GrowingSpheres,False,0.0012507920037023723,,,,
uci,0,55,REVISE,True,0.01653058303054422,1.0,1.0,10.083765029907227,-7.132306012397359
uci,0,57,DiCE,True,0.0036795419873669744,1.0,1.0,8.457533836364746,-12.595549800483273
uci,0,57,FACE,True,0.003524207975715399,1.0,1.0,10.07912826538086,-7.411263025892911
uci,0,57,GrowingSpheres,True,0.0012692079762928188,1.0,1.0,9.985150343090456,-14.557756850769247
uci,0,57,REVISE,True,0.017508083023130894,1.0,1.0,7.262389183044434,-7.128958486471492
uci,1,6,DiCE,True,0.003865916980430484,1.0,1.0,6.9388909339904785,-9.978930214714293
uci,1,6,FACE,True,0.0034314580261707306,1.0,1.0,3.9122252464294434,-7.3999109553161
uci,1,6,GrowingSpheres,True,0.0010557090281508863,1.0,1.0,7.854650415281033,-13.176960996062485
uci,1,6,REVISE,True,0.0062296660034917295,1.0,1.0,6.616001129150391,-7.512306865265325
uci,1,10,DiCE,False,0.014475042000412941,,,,
uci,1,10,FACE,True,0.003370458958670497,1.0,1.0,7.573511600494385,-7.320729174400078
uci,1,10,GrowingSpheres,False,0.0013571250019595027,,,,
uci,1,10,REVISE,True,0.01416995795443654,1.0,1.0,7.801481246948242,-7.4991799793708305
uci,1,15,DiCE,True,0.0029598750406876206,1.0,1.0,7.309731483459473,-7.029030403716158
uci,1,15,FACE,True,0.0032998330425471067,1.0,1.0,5.635073661804199,-6.9435675040656495
uci,1,15,GrowingSpheres,True,0.0010935000027529895,1.0,1.0,9.571742734564406,-10.740902590686144
uci,1,15,REVISE,True,0.00894845899892971,1.0,1.0,4.960107326507568,-7.48499271058661
uci,1,16,DiCE,False,0.014971832977607846,,,,
uci,1,16,FACE,True,0.0032695839763619006,1.0,1.0,9.088440895080566,-7.438527228915099
uci,1,16,GrowingSpheres,True,0.0011374580208212137,1.0,1.0,9.553616432753675,-22.10248705118825
uci,1,16,REVISE,False,0.05054266599472612,,,,
uci,1,19,DiCE,False,0.015617874974850565,,,,
uci,1,19,FACE,True,0.0035307080252096057,0.0,0.0,16.211336135864258,-7.098905283144458
uci,1,19,GrowingSpheres,False,0.001328707963693887,,,,
uci,1,19,REVISE,True,0.0031362909940071404,1.0,1.0,16.735700607299805,-7.521497094319051
uci,1,21,DiCE,False,0.014579874987248331,,,,
uci,1,21,FACE,True,0.003337208996526897,1.0,1.0,5.941738128662109,-7.10126762688904
uci,1,21,GrowingSpheres,True,0.0011835420154966414,1.0,1.0,9.286036922598207,-10.097718826557697
uci,1,21,REVISE,True,0.010586332995444536,1.0,1.0,6.2807512283325195,-7.5001034259473025
uci,1,22,DiCE,False,0.014553792017977685,,,,
uci,1,22,FACE,True,0.003359791007824242,1.0,1.0,9.856245040893555,-7.10126762688904
uci,1,22,GrowingSpheres,False,0.0012848330079577863,,,,
uci,1,22,REVISE,True,0.004068667010869831,1.0,1.0,9.396281242370605,-7.51119845968709
uci,1,26,DiCE,False,0.014571291976608336,,,,
uci,1,26,FACE,True,0.0033237910247407854,1.0,1.0,9.501866340637207,-7.102900642212203
uci,1,26,GrowingSpheres,False,0.0012897079577669501,,,,
uci,1,26,REVISE,True,0.005198540980927646,1.0,1.0,7.860373020172119,-7.488661475112643
uci,1,29,DiCE,False,0.014104124973528087,,,,
uci,1,29,FACE,True,0.003356750006787479,1.0,1.0,8.459064483642578,-7.3999109553161
uci,1,29,GrowingSpheres,False,0.0012917080312035978,,,,
uci,1,29,REVISE,True,0.008477666997350752,1.0,1.0,10.098156929016113,-7.519085335705306
uci,1,32,DiCE,False,0.014347708027344197,,,,
uci,1,32,FACE,True,0.003278749994933605,1.0,1.0,6.954536437988281,-7.10126762688904
uci,1,32,GrowingSpheres,False,0.0012996660079807043,,,,
uci,1,32,REVISE,True,0.009060584008693695,1.0,1.0,8.747485160827637,-7.479553359509753
uci,1,33,DiCE,False,0.01479937497060746,,,,
uci,1,33,FACE,True,0.003340542025398463,0.0,0.0,12.575691223144531,-6.964209809178852
uci,1,33,GrowingSpheres,False,0.0012915420229546726,,,,
uci,1,33,REVISE,True,0.0005995829706080258,1.0,1.0,10.76356029510498,-7.37168642147971
uci,1,39,DiCE,False,0.015052750008180737,,,,
uci,1,39,FACE,True,0.0033132919925265014,0.0,0.0,8.348466873168945,-7.3999109553161
uci,1,39,GrowingSpheres,False,0.0012854170054197311,,,,
uci,1,39,REVISE,True,0.005116915970575064,1.0,1.0,8.625102996826172,-7.528014150571458
uci,1,40,DiCE,False,0.014650625002104789,,,,
uci,1,40,FACE,True,0.0032807919778861105,1.0,1.0,3.264695167541504,-7.3999109553161
uci,1,40,GrowingSpheres,True,0.0007846670341677964,1.0,1.0,6.990070172993825,-11.611236243404765
uci,1,40,REVISE,True,0.008379125036299229,1.0,1.0,6.377574443817139,-7.479911873489258
uci,1,42,DiCE,False,0.014138875005301088,,,,
uci,1,42,FACE,True,0.003263958031311631,1.0,1.0,8.891576766967773,-7.320729174400078
uci,1,42,GrowingSpheres,False,0.0012827079626731575,,,,
uci,1,42,REVISE,True,0.016102458001114428,1.0,1.0,9.908888816833496,-7.527749141404322
uci,1,45,DiCE,True,0.0037319170078262687,1.0,1.0,7.9245686531066895,-10.464635994149972
uci,1,45,FACE,True,0.0032907500280998647,1.0,1.0,6.247071743011475,-7.3999109553161
uci,1,45,GrowingSpheres,True,0.0009764170390553772,1.0,1.0,8.378752238946262,-11.539923077946508
uci,1,45,REVISE,True,0.0126488339737989,1.0,1.0,7.4958086013793945,-7.5057337930972725
uci,1,52,DiCE,False,0.015189875033684075,,,,
uci,1,52,FACE,True,0.0034544580266810954,1.0,1.0,7.234794616699219,-7.3999109553161
uci,1,52,GrowingSpheres,True,0.0011255419813096523,1.0,1.0,9.151644090184378,-14.913560782588535
uci,1,52,REVISE,True,0.0174135830020532,1.0,1.0,10.628474235534668,-7.491006661955686
uci,1,54,DiCE,False,0.015174125030171126,,,,
uci,1,54,FACE,True,0.0033227920066565275,1.0,1.0,8.228646278381348,-7.10126762688904
uci,1,54,GrowingSpheres,False,0.0012829580227844417,,,,
uci,1,54,REVISE,True,0.01919912500306964,1.0,1.0,10.003131866455078,-7.49343178365756
uci,1,55,DiCE,False,0.014261166972573847,,,,
uci,1,55,FACE,True,0.0033041660208255053,1.0,1.0,6.247820854187012,-7.144625459877624
uci,1,55,GrowingSpheres,False,0.0012627909891307354,,,,
uci,1,55,REVISE,True,0.013873124960809946,1.0,1.0,7.556671142578125,-7.535666283624616
uci,1,56,DiCE,False,0.014708041970152408,,,,
uci,1,56,FACE,True,0.003327958984300494,1.0,1.0,9.543756484985352,-7.3999109553161
uci,1,56,GrowingSpheres,True,0.0012980419560335577,1.0,1.0,9.711420012479651,-14.084689396634905
uci,1,56,REVISE,True,0.007525582972448319,1.0,1.0,9.6527738571167,-7.486717465057378
uci,1,59,DiCE,True,0.003634624998085201,1.0,1.0,8.024338722229004,-9.524737004672133
uci,1,59,FACE,True,0.0032938329968601465,1.0,1.0,8.52002239227295,-7.311017800313485
uci,1,59,GrowingSpheres,True,0.0012030000216327608,1.0,1.0,8.714683000100827,-15.405086890069622
uci,1,59,REVISE,True,0.003105625044554472,1.0,1.0,7.500668525695801,-7.508262762961635
uci,2,4,DiCE,True,0.004791292012669146,1.0,1.0,8.098254203796387,-13.862450318780434
uci,2,4,FACE,True,0.0034391669905744493,1.0,1.0,7.890120506286621,-6.6195889809358235
uci,2,4,GrowingSpheres,False,0.001294290996156633,,,,
uci,2,4,REVISE,True,0.010209959000349045,1.0,1.0,6.10032844543457,-7.3529140270251006
uci,2,7,DiCE,True,0.003633375046774745,1.0,1.0,7.7987751960754395,-15.295028468013706
uci,2,7,FACE,True,0.003341207979246974,1.0,1.0,8.118788719177246,-7.146223392190341
uci,2,7,GrowingSpheres,True,0.0012041250010952353,1.0,1.0,7.8835469600483545,-18.235781064869975
uci,2,7,REVISE,True,0.010513291985262185,1.0,1.0,11.743608474731445,-7.385826126561135
uci,2,8,DiCE,False,0.014175041986163706,,,,
uci,2,8,FACE,True,0.003282915975432843,0.0,1.0,11.516988754272461,-6.7245271354976115
uci,2,8,GrowingSpheres,False,0.0013222090201452374,,,,
uci,2,8,REVISE,True,0.0070332500035874546,1.0,1.0,10.22818374633789,-7.355360971205842
uci,2,13,DiCE,True,0.004613291996065527,1.0,1.0,9.237395286560059,-9.022483130558427
uci,2,13,FACE,True,0.0032702090102247894,1.0,1.0,10.76852798461914,-6.7245271354976115
uci,2,13,GrowingSpheres,False,0.001261750003322959,,,,
uci,2,13,REVISE,True,0.008949957962613553,1.0,1.0,8.36357307434082,-7.343854038616178
uci,2,14,DiCE,False,0.014032707957085222,,,,
uci,2,14,FACE,True,0.003240707970689982,1.0,1.0,14.969941139221191,-6.66509828857299
uci,2,14,GrowingSpheres,False,0.001260999997612089,,,,
uci,2,14,REVISE,True,0.011382290977053344,1.0,1.0,13.487191200256348,-7.385842891332912
uci,2,17,DiCE,True,0.0046319999964907765,1.0,1.0,10.114384651184082,-11.896695758333607
uci,2,17,FACE,True,0.0032544160494580865,1.0,1.0,3.609042167663574,-6.8116625969209785
uci,2,17,GrowingSpheres,False,0.0013022500206716359,,,,
uci,2,17,REVISE,True,0.015369332977570593,1.0,1.0,9.338398933410645,-7.32518217106141
uci,2,25,DiCE,True,0.0027751660090871155,1.0,1.0,7.866786479949951,-13.505900264014612
uci,2,25,FACE,True,0.0032781659974716604,1.0,1.0,4.718742847442627,-7.238426415562119
uci,2,25,GrowingSpheres,True,0.0012298750225454569,1.0,1.0,7.404952026955098,-15.984007375227792
uci,2,25,REVISE,True,0.018382332986220717,1.0,1.0,7.84937858581543,-7.344707306911468
uci,2,26,DiCE,False,0.01504458300769329,,,,
uci,2,26,FACE,True,0.0033272080472670496,1.0,1.0,16.960582733154297,-7.456527292379209
uci,2,26,GrowingSpheres,False,0.0013068330008536577,,,,
uci,2,26,REVISE,True,0.006614583020564169,1.0,1.0,19.071514129638672,-7.387989565248319
uci,2,30,DiCE,False,0.014594957989174873,,,,
uci,2,30,FACE,True,0.0032552499906159937,0.0,0.0,16.23077964782715,-7.146223392190341
uci,2,30,GrowingSpheres,False,0.001293666020501405,,,,
uci,2,30,REVISE,True,0.00573283398989588,1.0,1.0,17.26897621154785,-7.389075272717125
uci,2,32,DiCE,False,0.014790875022299588,,,,
uci,2,32,FACE,True,0.0033166249631904066,1.0,1.0,9.612488746643066,-6.7245271354976115
uci,2,32,GrowingSpheres,False,0.0012919169967062771,,,,
uci,2,32,REVISE,True,0.015089916996657848,1.0,1.0,9.34367847442627,-7.349917692062771
uci,2,35,DiCE,True,0.004029542033094913,1.0,1.0,6.623307228088379,-10.712373462148364
uci,2,35,FACE,True,0.0032440419890917838,1.0,1.0,4.584739685058594,-7.388811584218539
uci,2,35,GrowingSpheres,False,0.0012927919742651284,,,,
uci,2,35,REVISE,True,0.003845707979053259,1.0,1.0,7.699581146240234,-7.347019067403241
uci,2,38,DiCE,True,0.0032033330062404275,1.0,1.0,6.10204553604126,-8.689347656171487
uci,2,38,FACE,True,0.003250500012654811,1.0,1.0,4.139822959899902,-6.7245271354976115
uci,2,38,GrowingSpheres,True,0.0009146250085905194,1.0,1.0,8.212240400618679,-10.16069701899281
uci,2,38,REVISE,True,0.010958166036289185,1.0,1.0,4.5624260902404785,-7.360446260173144
uci,2,40,DiCE,False,0.01503695803694427,,,,
uci,2,40,FACE,True,0.0032920409576036036,1.0,1.0,8.272948265075684,-6.8116625969209785
uci,2,40,GrowingSpheres,False,0.0013196250074543059,,,,
uci,2,40,REVISE,True,0.0071899169706739485,1.0,1.0,9.867011070251465,-7.346525703078868
uci,2,42,DiCE,True,0.005416500032879412,1.0,1.0,9.976547241210938,-8.46549523684411
uci,2,42,FACE,True,0.0032008750131353736,1.0,1.0,10.104780197143555,-6.7245271354976115
uci,2,42,GrowingSpheres,False,0.0012939170119352639,,,,
uci,2,42,REVISE,True,0.010250292019918561,1.0,1.0,8.483930587768555,-7.351667845883824
uci,2,43,DiCE,False,0.014971166965551674,,,,
uci,2,43,FACE,True,0.0032619580160826445,1.0,1.0,9.019660949707031,-7.457800108757893
uci,2,43,GrowingSpheres,False,0.0012855000095441937,,,,
uci,2,43,REVISE,True,0.004753875022288412,1.0,1.0,9.078911781311035,-7.344096071518535
uci,2,45,DiCE,False,0.014658291998784989,,,,
uci,2,45,FACE,True,0.003349333012010902,1.0,1.0,8.082810401916504,-6.8116625969209785
uci,2,45,GrowingSpheres,False,0.0012808750034309924,,,,
uci,2,45,REVISE,True,0.006522917014081031,1.0,1.0,8.803979873657227,-7.355534324662315
uci,2,49,DiCE,False,0.014152290998026729,,,,
uci,2,49,FACE,True,0.00327091699000448,1.0,1.0,3.411097526550293,-7.388811584218539
uci,2,49,GrowingSpheres,False,0.0013406670186668634,,,,
uci,2,49,REVISE,True,0.01586866599973291,1.0,1.0,7.0304179191589355,-7.313501509087358
uci,2,50,DiCE,True,0.0032668750500306487,1.0,1.0,8.794864654541016,-11.006469085209444
uci,2,50,FACE,True,0.0032168750185519457,0.0,1.0,7.854535102844238,-7.469877416709204
uci,2,50,GrowingSpheres,True,0.001252792018931359,1.0,1.0,11.000470893389794,-15.649388183796889
uci,2,50,REVISE,True,0.0006300419918261468,1.0,1.0,11.253950119018555,-7.238731910399979
uci,2,51,DiCE,True,0.0029411669820547104,1.0,1.0,7.23940896987915,-11.485733262262833
uci,2,51,FACE,True,0.003200832987204194,1.0,1.0,6.130881309509277,-7.456527292379209
uci,2,51,GrowingSpheres,True,0.00123533298028633,1.0,1.0,9.599835365582695,-18.634211509011877
uci,2,51,REVISE,True,0.0011365420068614185,1.0,1.0,8.560371398925781,-7.355851555537067
uci,2,53,DiCE,True,0.0028432499966584146,1.0,1.0,6.6381025314331055,-9.375946563800829
uci,2,53,FACE,True,0.0032681250013411045,0.0,0.0,10.542838096618652,-7.238426415562119
uci,2,53,GrowingSpheres,False,0.0012548330123536289,,,,
uci,2,53,REVISE,True,0.005354124994482845,1.0,1.0,7.937397480010986,-7.34176680177621
uci,2,55,DiCE,True,0.0031802080338820815,1.0,1.0,7.242430686950684,-8.15282846524755
uci,2,55,FACE,True,0.0032147919991984963,1.0,1.0,7.140488624572754,-7.388811584218539
uci,2,55,GrowingSpheres,True,0.0011012919712811708,1.0,1.0,7.496440010913921,-15.756070318203564
uci,2,55,REVISE,True,0.004809917008969933,1.0,1.0,4.320713996887207,-7.351115009070592
uci,2,56,DiCE,True,0.0028714590007439256,1.0,1.0,6.845309257507324,-8.433933835032523
uci,2,56,FACE,True,0.0032426249817945063,1.0,1.0,5.44185209274292,-6.7245271354976115
uci,2,56,GrowingSpheres,True,0.0012713330215774477,1.0,1.0,10.527747541384876,-14.397007032197564
uci,2,56,REVISE,True,0.004810707992874086,1.0,1.0,4.81553840637207,-7.341026994537476
uci,2,59,DiCE,True,0.003568249987438321,1.0,1.0,7.226188659667969,-7.936079651617945
uci,2,59,FACE,True,0.0032347089727409184,0.0,1.0,7.740037441253662,-7.420635269423325
uci,2,59,GrowingSpheres,True,0.0008789169951342046,1.0,1.0,8.406871836248412,-8.047635496425563
uci,2,59,REVISE,True,0.012332083017099649,1.0,1.0,5.550522804260254,-7.333745068423626
uci,3,7,DiCE,False,0.014851999992970377,,,,
uci,3,7,FACE,True,0.0034973329748027027,1.0,1.0,10.016016006469727,-6.979427562112402
uci,3,7,GrowingSpheres,False,0.0012724999687634408,,,,
uci,3,7,REVISE,True,0.011110040999483317,1.0,1.0,8.619346618652344,-7.328030748582025
uci,3,10,DiCE,True,0.0034376669791527092,1.0,1.0,7.8173346519470215,-12.271783459569846
uci,3,10,FACE,True,0.0033211249974556267,1.0,1.0,5.612123012542725,-6.979427562112402
uci,3,10,GrowingSpheres,True,0.0011422500247135758,1.0,1.0,11.024205809200623,-13.818403424978627
uci,3,10,REVISE,True,0.02199304202804342,1.0,1.0,6.0199198722839355,-7.298973437965195
uci,3,12,DiCE,True,0.002729916013777256,1.0,1.0,7.482804775238037,-10.315990953190255
uci,3,12,FACE,True,0.0033112919772975147,1.0,1.0,10.173319816589355,-7.031180780837065
uci,3,12,GrowingSpheres,True,0.0009567089728079736,1.0,1.0,9.09010773712181,-11.864141490364776
uci,3,12,REVISE,True,0.0011480420362204313,1.0,1.0,7.185051918029785,-7.357288661217978
uci,3,13,DiCE,True,0.0031362089794129133,1.0,1.0,9.18051815032959,-12.19052008878687
uci,3,13,FACE,True,0.003241416998207569,0.0,0.0,10.419417381286621,-7.1792267504274285
uci,3,13,GrowingSpheres,False,0.0013260000268928707,,,,
uci,3,13,REVISE,True,0.0005484590074047446,1.0,1.0,11.936285018920898,-7.216908295263137
uci,3,16,DiCE,True,0.0031051249825395644,1.0,1.0,7.477068901062012,-15.442170478681279
uci,3,16,FACE,True,0.003314417030196637,1.0,1.0,5.933650493621826,-6.979427562112402
uci,3,16,GrowingSpheres,True,0.001100792025681585,1.0,1.0,10.044361069689254,-23.927505925723445
uci,3,16,REVISE,True,0.011591417016461492,1.0,1.0,6.228156089782715,-7.308080182086362
uci,3,18,DiCE,True,0.004499250033404678,1.0,1.0,6.8415727615356445,-15.804285051846906
uci,3,18,FACE,True,0.003266707994043827,1.0,1.0,9.177451133728027,-7.427315386954573
uci,3,18,GrowingSpheres,True,0.001047832949552685,1.0,1.0,9.523083100417521,-18.806633823733385
uci,3,18,REVISE,False,0.051558459002990276,,,,
uci,3,20,DiCE,True,0.0024709999561309814,1.0,1.0,6.401689529418945,-8.534306691419243
uci,3,20,FACE,True,0.0032965419813990593,1.0,1.0,9.33116340637207,-7.284127292167876
uci,3,20,GrowingSpheres,True,0.0011375000467523932,1.0,1.0,8.347630884729941,-12.256558909467387
uci,3,20,REVISE,True,0.009227042028214782,1.0,1.0,5.9282097816467285,-7.338356832835032
uci,3,22,DiCE,True,0.003025375015567988,1.0,1.0,8.768583297729492,-9.78861106571934
uci,3,22,FACE,True,0.0032372080022469163,1.0,1.0,5.7218732833862305,-6.979427562112402
uci,3,22,GrowingSpheres,True,0.0011822499800473452,1.0,1.0,9.02645454551645,-14.264497268521446
uci,3,22,REVISE,True,0.010625375027302653,1.0,1.0,6.649053573608398,-7.326642483449728
uci,3,23,DiCE,False,0.014328250021208078,,,,
uci,3,23,FACE,True,0.0032993749482557178,1.0,1.0,15.802305221557617,-7.1792267504274285
uci,3,23,GrowingSpheres,False,0.0012881250004284084,,,,
uci,3,23,REVISE,True,0.013746916025411338,1.0,1.0,11.797548294067383,-7.337369401989777
uci,3,25,DiCE,True,0.0025137090124189854,1.0,1.0,6.142599105834961,-12.784419436230554
uci,3,25,FACE,True,0.003273374983109534,1.0,1.0,7.012690544128418,-7.252145721327944
uci,3,25,GrowingSpheres,True,0.0010332089732401073,1.0,1.0,9.749356533130415,-14.544688526985242
uci,3,25,REVISE,False,0.050420875020790845,,,,
uci,3,26,DiCE,True,0.002703542006202042,1.0,1.0,7.8225812911987305,-19.164866848667828
uci,3,26,FACE,True,0.0032629999914206564,1.0,1.0,7.551544189453125,-7.471256171910111
uci,3,26,GrowingSpheres,True,0.0011581669677980244,1.0,1.0,11.549202433933957,-20.5968417882495
uci,3,26,REVISE,True,0.010908207972534001,1.0,1.0,16.268875122070312,-7.392510773937403
uci,3,30,DiCE,True,0.003255208022892475,1.0,1.0,8.965363502502441,-10.367086128119336
uci,3,30,FACE,True,0.0033099169959314167,1.0,1.0,6.453501224517822,-6.979427562112402
uci,3,30,GrowingSpheres,True,0.0012085000053048134,1.0,1.0,11.287549062059565,-9.588765349906964
uci,3,30,REVISE,True,0.012307458964642137,1.0,1.0,7.726208209991455,-7.314565330387952
uci,3,33,DiCE,False,0.014764207997359335,,,,
uci,3,33,FACE,True,0.0033067920012399554,1.0,1.0,9.258846282958984,-7.461560655561106
uci,3,33,GrowingSpheres,True,0.0013264580047689378,1.0,1.0,11.98927557761031,-16.99799306953514
uci,3,33,REVISE,True,0.015101625001989305,1.0,1.0,10.94807243347168,-7.342994709439382
uci,3,35,DiCE,True,0.002859167056158185,1.0,1.0,6.234308242797852,-15.053915170613843
uci,3,35,FACE,True,0.0033115000114776194,1.0,1.0,10.920575141906738,-7.252145721327944
uci,3,35,GrowingSpheres,True,0.0009700419614091516,1.0,1.0,9.69601502002716,-15.190781847178341
uci,3,35,REVISE,True,0.013665915990713984,1.0,1.0,8.192158699035645,-7.2952989730527715
uci,3,39,DiCE,True,0.00352733297040686,1.0,1.0,8.248940467834473,-14.360392430126595
uci,3,39,FACE,True,0.0032435000175610185,1.0,1.0,6.96793270111084,-7.118583198034168
uci,3,39,GrowingSpheres,False,0.0014669160009361804,,,,
uci,3,39,REVISE,True,0.011056584015022963,1.0,1.0,8.971233367919922,-7.3124468882288784
uci,3,40,DiCE,True,0.0025605830014683306,1.0,1.0,6.678973197937012,-13.162138911691333
uci,3,40,FACE,True,0.0032970000174827874,0.0,1.0,7.629281044006348,-6.632370750226744
uci,3,40,GrowingSpheres,True,0.0010232909698970616,1.0,1.0,9.56693377608441,-18.826307044773408
uci,3,40,REVISE,True,0.004599958017934114,1.0,1.0,9.166335105895996,-7.33086457981968
uci,3,41,DiCE,True,0.0035567499580793083,1.0,1.0,8.379714965820312,-12.624006161518052
uci,3,41,FACE,True,0.003252083028201014,1.0,1.0,7.881752967834473,-6.979427562112402
uci,3,41,GrowingSpheres,True,0.0012454999960027635,1.0,1.0,13.602154112566494,-16.894327413850483
uci,3,41,REVISE,True,0.011883082974236459,1.0,1.0,8.861991882324219,-7.318930353946396
uci,3,45,DiCE,True,0.002863332978449762,1.0,1.0,6.981827259063721,-14.050367600484165
uci,3,45,FACE,True,0.0034499160246923566,1.0,1.0,10.323905944824219,-6.979427562112402
uci,3,45,GrowingSpheres,True,0.0012497499701566994,1.0,1.0,8.616097362683874,-21.97275861846029
uci,3,45,REVISE,True,0.02087387500796467,1.0,1.0,9.158553123474121,-7.314569075280621
uci,3,47,DiCE,True,0.0049816250102594495,1.0,1.0,9.514233589172363,-11.522109248231029
uci,3,47,FACE,True,0.0033802500111050904,1.0,1.0,7.554447174072266,-6.7232965741685256
uci,3,47,GrowingSpheres,False,0.0013087500119581819,,,,
uci,3,47,REVISE,True,0.013925417035352439,1.0,1.0,8.997162818908691,-7.3184818514493895
uci,3,48,DiCE,False,0.014199041994288564,,,,
uci,3,48,FACE,True,0.0033265840029343963,1.0,1.0,12.758407592773438,-7.461560655561106
uci,3,48,GrowingSpheres,False,0.0012669169809669256,,,,
uci,3,48,REVISE,False,0.049981624993961304,,,,
uci,3,52,DiCE,True,0.0028000419843010604,1.0,1.0,6.014214038848877,-16.226303664660357
uci,3,52,FACE,True,0.0032785000512376428,1.0,1.0,7.7935075759887695,-7.4007968789965775
uci,3,52,GrowingSpheres,True,0.0011120840208604932,1.0,1.0,8.708620736370865,-24.56793383125042
uci,3,52,REVISE,False,0.05012670799624175,,,,
uci,3,56,DiCE,False,0.014925791008863598,,,,
uci,3,56,FACE,True,0.0032733340049162507,1.0,1.0,16.92262077331543,-7.471002025955626
uci,3,56,GrowingSpheres,False,0.0012749999877996743,,,,
uci,3,56,REVISE,True,0.00743920897366479,1.0,1.0,19.125614166259766,-7.380852860267267
uci,4,3,DiCE,True,0.0027094169636256993,1.0,1.0,7.125885963439941,-11.302320449222503
uci,4,3,FACE,True,0.003354541026055813,0.0,1.0,7.95920467376709,-7.3546874285043895
uci,4,3,GrowingSpheres,True,0.0010664580040611327,1.0,1.0,6.610080680267187,-16.50093447301211
uci,4,3,REVISE,True,0.005833667004480958,1.0,1.0,8.891450881958008,-7.279891401541677
uci,4,4,DiCE,True,0.0025179999647662044,1.0,1.0,6.6439361572265625,-17.64682422819738
uci,4,4,FACE,True,0.0032900000223889947,1.0,1.0,8.800822257995605,-7.48304196671112
uci,4,4,GrowingSpheres,True,0.0008852910250425339,1.0,1.0,8.236137801306874,-14.665748246330402
uci,4,4,REVISE,True,0.0006124579813331366,1.0,1.0,13.648856163024902,-7.205387081439518
uci,4,5,DiCE,True,0.0024990420206449926,1.0,1.0,6.303456783294678,-12.070632192014425
uci,4,5,FACE,True,0.0032427499536424875,0.0,1.0,5.561559200286865,-7.48304196671112
uci,4,5,GrowingSpheres,True,0.0011719579924829304,1.0,1.0,7.592598362456462,-17.00767712918833
uci,4,5,REVISE,True,0.0005919579998590052,1.0,1.0,11.890068054199219,-7.1400308152990775
uci,4,11,DiCE,True,0.004151083005126566,1.0,1.0,11.69549560546875,-14.145845155572891
uci,4,11,FACE,True,0.003295667003840208,1.0,1.0,11.226099967956543,-7.492377473386584
uci,4,11,GrowingSpheres,False,0.0012956670252606273,,,,
uci,4,11,REVISE,True,0.008100792008917779,1.0,1.0,10.699609756469727,-7.254162759259909
uci,4,14,DiCE,True,0.001933458959683776,1.0,1.0,4.632725715637207,-9.92365427424923
uci,4,14,FACE,True,0.0033092499943450093,1.0,1.0,5.6583356857299805,-7.40792584081813
uci,4,14,GrowingSpheres,True,0.0009236250189132988,1.0,1.0,5.926808752237309,-9.627105702256305
uci,4,14,REVISE,True,0.007409874990116805,1.0,1.0,4.602370738983154,-7.2571960226892545
uci,4,17,DiCE,True,0.0018763329717330635,1.0,1.0,5.2554779052734375,-8.486562094972975
uci,4,17,FACE,True,0.003236458986066282,1.0,1.0,3.3496603965759277,-6.693919885459378
uci,4,17,GrowingSpheres,True,0.0006425419705919921,1.0,1.0,5.89800837043547,-8.356423843705675
uci,4,17,REVISE,True,0.014452917035669088,1.0,1.0,3.7159030437469482,-7.23663767342685
uci,4,19,DiCE,True,0.0034350830246694386,1.0,1.0,8.742362976074219,-10.485482642104667
uci,4,19,FACE,True,0.003245375002734363,1.0,1.0,5.031999111175537,-7.097371031971047
uci,4,19,GrowingSpheres,True,0.0011592499795369804,1.0,1.0,5.286128307223848,-9.718117253411567
uci,4,19,REVISE,True,0.016073499980848283,1.0,1.0,7.553327560424805,-7.240556037149375
uci,4,20,DiCE,True,0.002711125009227544,1.0,1.0,8.209434509277344,-12.626037486203394
uci,4,20,FACE,True,0.003303583012893796,1.0,1.0,11.500468254089355,-7.21246474654399
uci,4,20,GrowingSpheres,True,0.0010906659881584346,1.0,1.0,10.217756976594815,-14.388207645178591
uci,4,20,REVISE,True,0.018358415982220322,1.0,1.0,9.64066219329834,-7.2714121643043
uci,4,23,DiCE,True,0.003476666985079646,1.0,1.0,10.369036674499512,-13.599944679044695
uci,4,23,FACE,True,0.0032674160320311785,1.0,1.0,6.430755615234375,-6.919691882784426
uci,4,23,GrowingSpheres,False,0.0012629579869098961,,,,
uci,4,23,REVISE,True,0.015079707955010235,1.0,1.0,7.81370210647583,-7.244839602163571
uci,4,27,DiCE,True,0.002030000032391399,1.0,1.0,5.4111433029174805,-9.920406786668096
uci,4,27,FACE,True,0.0032622090075165033,1.0,1.0,5.512115478515625,-7.01526684969836
uci,4,27,GrowingSpheres,True,0.0007215840159915388,1.0,1.0,6.634764101499122,-11.748907655412703
uci,4,27,REVISE,True,0.018136249971576035,1.0,1.0,5.14651346206665,-7.25485452256292
uci,4,32,DiCE,True,0.003534417017363012,1.0,1.0,10.118239402770996,-8.306986703635285
uci,4,32,FACE,True,0.003309457970317453,1.0,1.0,8.189847946166992,-6.693919885459378
uci,4,32,GrowingSpheres,False,0.0012644169619306922,,,,
uci,4,32,REVISE,True,0.008015625004190952,1.0,1.0,7.756558418273926,-7.2571620674269335
uci,4,33,DiCE,True,0.003138249972835183,1.0,1.0,9.658838272094727,-9.27788990159322
uci,4,33,FACE,True,0.0032904160325415432,1.0,1.0,5.796349048614502,-6.817047977052443
uci,4,33,GrowingSpheres,True,0.0011762919602915645,1.0,1.0,8.701441028283226,-10.190546031920332
uci,4,33,REVISE,True,0.011119833041448146,1.0,1.0,8.367815017700195,-7.253950670152003
uci,4,34,DiCE,True,0.005584208003710955,1.0,1.0,12.664311408996582,-9.68116052542431
uci,4,34,FACE,True,0.0032727919751778245,0.0,1.0,10.90384292602539,-6.693919885459378
uci,4,34,GrowingSpheres,False,0.0012623340007849038,,,,
uci,4,34,REVISE,True,0.006743041973095387,1.0,1.0,10.07593059539795,-7.258125528172162
uci,4,36,DiCE,True,0.0031024159980006516,1.0,1.0,8.429662704467773,-9.883421318665143
uci,4,36,FACE,True,0.003297499963082373,1.0,1.0,9.387701034545898,-6.919691882784426
uci,4,36,GrowingSpheres,True,0.001072124985512346,1.0,1.0,10.271351769331266,-7.411464552333303
uci,4,36,REVISE,True,0.007294874987564981,1.0,1.0,8.674558639526367,-7.248656954863836
uci,4,37,DiCE,True,0.0022368329809978604,1.0,1.0,6.328824996948242,-15.451063953301885
uci,4,37,FACE,True,0.003231625014450401,0.0,0.0,8.833696365356445,-7.3942980079281675
uci,4,37,GrowingSpheres,True,0.0010525830439291894,1.0,1.0,9.51201688728398,-23.857699930295624
uci,4,37,REVISE,True,0.007244124950375408,1.0,1.0,11.868178367614746,-7.251387581175713
uci,4,38,DiCE,True,0.0034681669785641134,1.0,1.0,8.861777305603027,-12.216768961197275
uci,4,38,FACE,True,0.003244708990678191,1.0,1.0,7.673862457275391,-7.449482896448156
uci,4,38,GrowingSpheres,True,0.0011993750231340528,1.0,1.0,12.501716733096647,-19.458264575473493
uci,4,38,REVISE,True,0.018741250038146973,1.0,1.0,7.053876876831055,-7.263315203265455
uci,4,40,DiCE,True,0.0030376670183613896,1.0,1.0,8.036972045898438,-11.280657955295801
uci,4,40,FACE,True,0.0032990840263664722,1.0,1.0,3.1801087856292725,-7.4346733693793325
uci,4,40,GrowingSpheres,True,0.0010378749575465918,1.0,1.0,8.669758532626481,-7.7338243575986505
uci,4,40,REVISE,True,0.0036421659751795232,1.0,1.0,7.8532280921936035,-7.283386408616959
uci,4,42,DiCE,True,0.005966415978036821,1.0,1.0,13.859137535095215,-12.698223569535692
uci,4,42,FACE,True,0.0032807919778861105,1.0,1.0,14.145553588867188,-6.693919885459378
uci,4,42,GrowingSpheres,False,0.0012801249977201223,,,,
uci,4,42,REVISE,True,0.01113091700244695,1.0,1.0,13.302352905273438,-7.253174051832014
uci,4,44,DiCE,True,0.0026175000239163637,1.0,1.0,6.328378200531006,-11.676118513138984
uci,4,44,FACE,True,0.0032317499862983823,1.0,1.0,5.119955539703369,-6.693919885459378
uci,4,44,GrowingSpheres,True,0.0011117500253021717,1.0,1.0,9.820927476605135,-14.502527574744237
uci,4,44,REVISE,True,0.009953124972525984,1.0,1.0,6.767200469970703,-7.253786184986366
uci,4,45,DiCE,True,0.0024224580265581608,1.0,1.0,5.964277744293213,-12.235975888665097
uci,4,45,FACE,True,0.0033001669798977673,1.0,1.0,13.64801025390625,-7.4247193327151715
uci,4,45,GrowingSpheres,True,0.0010085840476676822,1.0,1.0,9.388977478335512,-13.99563133366272
uci,4,45,REVISE,True,0.0035982499830424786,1.0,1.0,11.707887649536133,-7.2699556656871245
uci,4,57,DiCE,True,0.002341541985515505,1.0,1.0,6.272452354431152,-11.8091302978223
uci,4,57,FACE,True,0.003247082990128547,1.0,1.0,6.098547458648682,-7.097371031971047
uci,4,57,GrowingSpheres,True,0.0009014160023070872,1.0,1.0,9.408251178758876,-18.804998037076373
uci,4,57,REVISE,True,0.014110625023022294,1.0,1.0,8.591997146606445,-7.244393917646101
uci,4,58,DiCE,True,0.0019910000264644623,1.0,1.0,6.130709648132324,-14.123067668267362
uci,4,58,FACE,True,0.003225666005164385,1.0,1.0,6.145952224731445,-6.9270375176740755
uci,4,58,GrowingSpheres,True,0.0007091659936122596,1.0,1.0,7.2577228176494115,-14.388354454921183
uci,4,58,REVISE,True,0.02024058299139142,1.0,1.0,7.29946756362915,-7.2857498667320915
uci,4,59,DiCE,True,0.001592957996763289,1.0,1.0,3.6568596363067627,-10.33056099096011
uci,4,59,FACE,True,0.003273500013165176,0.0,1.0,5.32206916809082,-7.4346733693793325
uci,4,59,GrowingSpheres,True,0.0006054169498383999,1.0,1.0,3.608608432744305,-13.735493449380774
uci,4,59,REVISE,True,0.0005723750218749046,1.0,1.0,9.625718116760254,-7.442146429377999
