dataset,seed,cell,patient_idx,success,abstain_stage,latency_sec,n_candidates_tried,path_len,decoded_cvr_hop,decoded_cvr_endpoint,kde,effort,terminal_risk
uci,0,egd_riemannian,0,True,,0.012984832981601357,14.0,10.0,False,False,-11.901698777425313,17.707244873046875,0.3627232611179352
uci,0,egd_riemannian,1,False,risk_check,0.006131708971224725,20.0,,,,,,
uci,0,egd_riemannian,4,False,risk_check,0.006725625018589199,20.0,,,,,,
uci,0,egd_riemannian,6,True,,0.005015083006583154,5.0,13.0,False,False,-19.56798552328598,21.5101375579834,0.4117300510406494
uci,0,egd_riemannian,7,True,,0.006612416938878596,13.0,7.0,False,False,-9.862336284441506,11.703761100769043,0.43708565831184387
uci,0,egd_riemannian,8,True,,0.0043562090722844005,5.0,10.0,False,False,-13.492538607519506,16.68742561340332,0.4477407932281494
uci,0,egd_riemannian,9,True,,0.003796042059548199,12.0,5.0,False,False,-13.189975211538755,8.250179290771484,0.436759889125824
uci,0,egd_riemannian,11,False,risk_check,0.0053012080024927855,20.0,,,,,,
uci,0,egd_riemannian,14,True,,0.010955290985293686,14.0,13.0,False,False,-14.836182740236454,22.95688819885254,0.37853342294692993
uci,0,egd_riemannian,16,True,,0.009864334017038345,14.0,12.0,False,False,-13.779381468770529,21.288503646850586,0.41499269008636475
uci,0,egd_riemannian,20,True,,0.004027499933727086,13.0,4.0,False,False,-8.155114169511355,6.36771297454834,0.4081045687198639
uci,0,egd_riemannian,24,True,,0.006518916925415397,16.0,8.0,False,False,-11.935664894116012,13.816108703613281,0.4344639778137207
uci,0,egd_riemannian,28,True,,0.004431916982866824,16.0,4.0,False,False,-17.007773462448203,6.20994234085083,0.43112650513648987
uci,0,egd_riemannian,30,True,,0.00474179198499769,14.0,6.0,False,False,-9.436428005673202,10.388134002685547,0.4222997725009918
uci,0,egd_riemannian,32,False,risk_check,0.0057732079876586795,20.0,,,,,,
uci,0,egd_riemannian,34,False,risk_check,0.007373166969045997,20.0,,,,,,
uci,0,egd_riemannian,38,False,risk_check,0.011825833003968,20.0,,,,,,
uci,0,egd_riemannian,39,True,,0.003538500051945448,11.0,5.0,False,False,-10.055772149886133,8.2501802444458,0.3702094554901123
uci,0,egd_riemannian,44,True,,0.003868082887493074,4.0,9.0,False,False,-8.886211846589484,14.742162704467773,0.37809357047080994
uci,0,egd_riemannian,45,False,risk_check,0.005333874956704676,20.0,,,,,,
uci,0,egd_riemannian,50,True,,0.003634209046140313,7.0,6.0,False,False,-15.557327196570833,9.213318824768066,0.4217543601989746
uci,0,egd_riemannian,52,True,,0.00759341602679342,14.0,10.0,False,False,-12.639404885103497,17.707244873046875,0.41010260581970215
uci,0,egd_riemannian,53,False,risk_check,0.006489208899438381,20.0,,,,,,
uci,0,egd_riemannian,55,True,,0.004783625015988946,4.0,12.0,False,False,-16.153214124944864,19.56487464904785,0.4141234755516052
uci,0,egd_riemannian,57,False,risk_check,0.005971416947431862,20.0,,,,,,
uci,0,egd_euclidean,0,False,risk_check,0.004248582990840077,20.0,,,,,,
uci,0,egd_euclidean,1,False,risk_check,0.004138707998208702,20.0,,,,,,
uci,0,egd_euclidean,4,False,risk_check,0.004105416941456497,20.0,,,,,,
uci,0,egd_euclidean,6,False,risk_check,0.004162499913945794,20.0,,,,,,
uci,0,egd_euclidean,7,False,risk_check,0.004121250007301569,20.0,,,,,,
uci,0,egd_euclidean,8,False,risk_check,0.004053500015288591,20.0,,,,,,
uci,0,egd_euclidean,9,False,risk_check,0.0041613749926909804,20.0,,,,,,
uci,0,egd_euclidean,11,False,risk_check,0.0041553330374881625,20.0,,,,,,
uci,0,egd_euclidean,14,False,risk_check,0.004114332958124578,20.0,,,,,,
uci,0,egd_euclidean,16,False,risk_check,0.0042062499560415745,20.0,,,,,,
uci,0,egd_euclidean,20,False,risk_check,0.004132709000259638,20.0,,,,,,
uci,0,egd_euclidean,24,False,risk_check,0.004133666981942952,20.0,,,,,,
uci,0,egd_euclidean,28,False,risk_check,0.004179791081696749,20.0,,,,,,
uci,0,egd_euclidean,30,False,risk_check,0.004166750004515052,20.0,,,,,,
uci,0,egd_euclidean,32,False,risk_check,0.004104375024326146,20.0,,,,,,
uci,0,egd_euclidean,34,False,risk_check,0.004086249973624945,20.0,,,,,,
uci,0,egd_euclidean,38,False,risk_check,0.0041842079954221845,20.0,,,,,,
uci,0,egd_euclidean,39,False,risk_check,0.004088459070771933,20.0,,,,,,
uci,0,egd_euclidean,44,False,risk_check,0.004115874995477498,20.0,,,,,,
uci,0,egd_euclidean,45,False,risk_check,0.0041817500023171306,20.0,,,,,,
uci,0,egd_euclidean,50,False,risk_check,0.0041650410275906324,20.0,,,,,,
uci,0,egd_euclidean,52,False,risk_check,0.004069125046953559,20.0,,,,,,
uci,0,egd_euclidean,53,False,risk_check,0.004058082937262952,20.0,,,,,,
uci,0,egd_euclidean,55,False,risk_check,0.004057083977386355,20.0,,,,,,
uci,0,egd_euclidean,57,False,risk_check,0.004181041964329779,20.0,,,,,,
uci,0,old_latent_pruning,0,True,,0.00253800000064075,,2.0,False,False,-7.266481228090145,0.051820360124111176,
uci,0,old_latent_pruning,1,False,,0.002173083950765431,,,,,,,
uci,0,old_latent_pruning,4,True,,0.002051500021480024,,2.0,True,True,-7.625659973917979,0.1570252627134323,
uci,0,old_latent_pruning,6,True,,0.0021398329408839345,,2.0,True,True,-7.642208219801757,0.3197835385799408,
uci,0,old_latent_pruning,7,True,,0.0022032500710338354,,2.0,False,False,-7.305666810454575,0.024377310648560524,
uci,0,old_latent_pruning,8,True,,0.0021096670534461737,,2.0,True,True,-7.491471145485034,0.203983336687088,
uci,0,old_latent_pruning,9,False,,0.00196883303578943,,,,,,,
uci,0,old_latent_pruning,11,False,,0.00200824998319149,,,,,,,
uci,0,old_latent_pruning,14,True,,0.002065541921183467,,2.0,True,True,-7.621817262334416,0.03878415748476982,
uci,0,old_latent_pruning,16,True,,0.0021704169921576977,,2.0,False,False,-7.428369791153584,0.03273347392678261,
uci,0,old_latent_pruning,20,True,,0.0021014169324189425,,2.0,True,True,-7.45863792547708,0.30270230770111084,
uci,0,old_latent_pruning,24,True,,0.0021544171031564474,,2.0,False,False,-7.773566756465181,0.17132842540740967,
uci,0,old_latent_pruning,28,False,,0.001926999888382852,,,,,,,
uci,0,old_latent_pruning,30,True,,0.0020509170135483146,,2.0,True,True,-7.6632017927720835,0.04204137250781059,
uci,0,old_latent_pruning,32,False,,0.0019556250190362334,,,,,,,
uci,0,old_latent_pruning,34,True,,0.0020401249639689922,,2.0,True,True,-7.597260226673098,0.4470084309577942,
uci,0,old_latent_pruning,38,True,,0.0021346670109778643,,2.0,True,True,-7.625819616617015,0.07835675776004791,
uci,0,old_latent_pruning,39,True,,0.002180041978135705,,2.0,True,True,-7.2340182539611355,0.11671696603298187,
uci,0,old_latent_pruning,44,True,,0.002065707929432392,,2.0,False,False,-7.3992302540974535,0.07409851998090744,
uci,0,old_latent_pruning,45,True,,0.002412165980786085,,2.0,False,False,-7.504204681186288,0.05506153777241707,
uci,0,old_latent_pruning,50,False,,0.0020065410062670708,,,,,,,
uci,0,old_latent_pruning,52,False,,0.0019448749953880906,,,,,,,
uci,0,old_latent_pruning,53,True,,0.0020264580380171537,,2.0,False,False,-7.488841888134019,0.11831896752119064,
uci,0,old_latent_pruning,55,False,,0.0019624170381575823,,,,,,,
uci,0,old_latent_pruning,57,False,,0.002031374955549836,,,,,,,
uci,1,egd_riemannian,6,False,risk_check,0.004669290967285633,20.0,,,,,,
uci,1,egd_riemannian,10,False,risk_check,0.004416750045493245,20.0,,,,,,
uci,1,egd_riemannian,15,False,risk_check,0.004301334032788873,20.0,,,,,,
uci,1,egd_riemannian,16,False,risk_check,0.004214958054944873,20.0,,,,,,
uci,1,egd_riemannian,19,False,risk_check,0.004501249990426004,20.0,,,,,,
uci,1,egd_riemannian,21,False,risk_check,0.004206583020277321,20.0,,,,,,
uci,1,egd_riemannian,22,False,risk_check,0.004219625028781593,20.0,,,,,,
uci,1,egd_riemannian,26,False,risk_check,0.00429095805156976,20.0,,,,,,
uci,1,egd_riemannian,29,False,risk_check,0.004222583025693893,20.0,,,,,,
uci,1,egd_riemannian,32,False,risk_check,0.0042142500169575214,20.0,,,,,,
uci,1,egd_riemannian,33,False,risk_check,0.004290292039513588,20.0,,,,,,
uci,1,egd_riemannian,39,False,risk_check,0.004220832954160869,20.0,,,,,,
uci,1,egd_riemannian,40,False,risk_check,0.004274666076526046,20.0,,,,,,
uci,1,egd_riemannian,42,False,risk_check,0.004240541020408273,20.0,,,,,,
uci,1,egd_riemannian,45,False,risk_check,0.0042432500049471855,20.0,,,,,,
uci,1,egd_riemannian,52,False,risk_check,0.004131666966713965,20.0,,,,,,
uci,1,egd_riemannian,54,False,risk_check,0.004295667051337659,20.0,,,,,,
uci,1,egd_riemannian,55,False,risk_check,0.004148249980062246,20.0,,,,,,
uci,1,egd_riemannian,56,False,risk_check,0.0042964169988408685,20.0,,,,,,
uci,1,egd_riemannian,59,False,risk_check,0.004137374926358461,20.0,,,,,,
uci,1,egd_euclidean,6,False,risk_check,0.0041092910105362535,20.0,,,,,,
uci,1,egd_euclidean,10,False,risk_check,0.004090250004082918,20.0,,,,,,
uci,1,egd_euclidean,15,False,risk_check,0.0042290829587727785,20.0,,,,,,
uci,1,egd_euclidean,16,False,risk_check,0.004196958965621889,20.0,,,,,,
uci,1,egd_euclidean,19,False,risk_check,0.004139458993449807,20.0,,,,,,
uci,1,egd_euclidean,21,False,risk_check,0.004094291012734175,20.0,,,,,,
uci,1,egd_euclidean,22,False,risk_check,0.0041617079405114055,20.0,,,,,,
uci,1,egd_euclidean,26,False,risk_check,0.0041483750101178885,20.0,,,,,,
uci,1,egd_euclidean,29,False,risk_check,0.0041146669536828995,20.0,,,,,,
uci,1,egd_euclidean,32,False,risk_check,0.004111249931156635,20.0,,,,,,
uci,1,egd_euclidean,33,False,risk_check,0.004056542064063251,20.0,,,,,,
uci,1,egd_euclidean,39,False,risk_check,0.004134208080358803,20.0,,,,,,
uci,1,egd_euclidean,40,False,risk_check,0.004062000080011785,20.0,,,,,,
uci,1,egd_euclidean,42,False,risk_check,0.0041379580507054925,20.0,,,,,,
uci,1,egd_euclidean,45,False,risk_check,0.004207832971587777,20.0,,,,,,
uci,1,egd_euclidean,52,False,risk_check,0.004073916003108025,20.0,,,,,,
uci,1,egd_euclidean,54,False,risk_check,0.0041198330000042915,20.0,,,,,,
uci,1,egd_euclidean,55,False,risk_check,0.004091624985449016,20.0,,,,,,
uci,1,egd_euclidean,56,False,risk_check,0.004253291990607977,20.0,,,,,,
uci,1,egd_euclidean,59,False,risk_check,0.0041454589227214456,20.0,,,,,,
uci,1,old_latent_pruning,6,True,,0.0025516670430079103,,2.0,True,True,-7.845714502591669,0.5555034279823303,
uci,1,old_latent_pruning,10,True,,0.002268332988023758,,2.0,False,False,-7.978683044555988,0.025928214192390442,
uci,1,old_latent_pruning,15,True,,0.0022375420667231083,,2.0,True,True,-7.820071979118903,0.11541662365198135,
uci,1,old_latent_pruning,16,False,,0.0020963329588994384,,,,,,,
uci,1,old_latent_pruning,19,True,,0.002152334083802998,,2.0,True,True,-7.731954800912126,0.18769365549087524,
uci,1,old_latent_pruning,21,True,,0.0021594580030068755,,2.0,True,True,-7.995577287935394,0.1092137023806572,
uci,1,old_latent_pruning,22,True,,0.00230133393779397,,2.0,False,False,-7.774622738659109,0.10224159806966782,
uci,1,old_latent_pruning,26,True,,0.0021607920061796904,,2.0,True,True,-7.760647293347995,0.2339867204427719,
uci,1,old_latent_pruning,29,True,,0.0021450419444590807,,2.0,True,True,-7.829431803235458,0.3805686831474304,
uci,1,old_latent_pruning,32,False,,0.002269207965582609,,,,,,,
uci,1,old_latent_pruning,33,True,,0.002372874994762242,,2.0,False,False,-7.248201249970077,0.10383549332618713,
uci,1,old_latent_pruning,39,True,,0.0022295000962913036,,2.0,False,False,-7.776162885946075,0.05669113248586655,
uci,1,old_latent_pruning,40,True,,0.002332666888833046,,2.0,True,True,-7.817847131274585,0.20733363926410675,
uci,1,old_latent_pruning,42,False,,0.0023725000210106373,,,,,,,
uci,1,old_latent_pruning,45,True,,0.0021665000822395086,,2.0,True,True,-7.9259200078463525,0.18626239895820618,
uci,1,old_latent_pruning,52,False,,0.0020638330606743693,,,,,,,
uci,1,old_latent_pruning,54,False,,0.0021777079673483968,,,,,,,
uci,1,old_latent_pruning,55,True,,0.0020824590465053916,,2.0,True,True,-7.939086130250632,0.13078425824642181,
uci,1,old_latent_pruning,56,True,,0.0020778749603778124,,2.0,False,False,-7.806333517048719,0.06858506798744202,
uci,1,old_latent_pruning,59,True,,0.002176624955609441,,2.0,False,False,-7.6594761562770515,0.0704268142580986,
uci,2,egd_riemannian,4,True,,0.004852707963436842,6.0,9.0,False,False,-11.232060624505259,14.786006927490234,0.42421525716781616
uci,2,egd_riemannian,7,True,,0.0035452910233289003,3.0,8.0,False,False,-12.914393040194295,11.581916809082031,0.3991701304912567
uci,2,egd_riemannian,8,True,,0.005318542011082172,8.0,10.0,False,False,-11.515393899015454,17.55879020690918,0.43040353059768677
uci,2,egd_riemannian,13,True,,0.004543374991044402,7.0,9.0,False,False,-8.883626679790611,13.385383605957031,0.44459444284439087
uci,2,egd_riemannian,14,False,risk_check,0.00755433295853436,20.0,,,,,,
uci,2,egd_riemannian,17,False,risk_check,0.006560833076946437,20.0,,,,,,
uci,2,egd_riemannian,25,True,,0.0038589159958064556,8.0,6.0,False,False,-13.67342312761678,12.82373046875,0.3804749548435211
uci,2,egd_riemannian,26,False,risk_check,0.013079416006803513,20.0,,,,,,
uci,2,egd_riemannian,30,False,risk_check,0.010652333032339811,20.0,,,,,,
uci,2,egd_riemannian,32,False,risk_check,0.0066810420248657465,20.0,,,,,,
uci,2,egd_riemannian,35,True,,0.00475279102101922,13.0,8.0,False,False,-11.782199537025667,14.054247856140137,0.369493305683136
uci,2,egd_riemannian,38,True,,0.0033795000053942204,7.0,4.0,False,False,-8.434846562294455,7.071368217468262,0.43325674533843994
uci,2,egd_riemannian,40,True,,0.005265292013064027,3.0,18.0,False,False,-11.924872546586174,25.843013763427734,0.391544908285141
uci,2,egd_riemannian,42,True,,0.007344792014919221,16.0,8.0,False,False,-10.603070193874956,15.284675598144531,0.42527133226394653
uci,2,egd_riemannian,43,True,,0.00397370895370841,3.0,12.0,False,False,-8.974023201266858,18.162689208984375,0.42487189173698425
uci,2,egd_riemannian,45,True,,0.005863750004209578,10.0,9.0,False,False,-10.70193626051582,16.17308807373047,0.4315551221370697
uci,2,egd_riemannian,49,True,,0.004276041057892144,10.0,6.0,False,False,-10.583717301910953,11.178702354431152,0.4192025363445282
uci,2,egd_riemannian,50,True,,0.003042540978640318,1.0,10.0,False,False,-8.076836443096587,13.07839298248291,0.3956665098667145
uci,2,egd_riemannian,51,True,,0.003954791929572821,3.0,12.0,False,False,-10.188862082068889,18.162689208984375,0.3463997542858124
uci,2,egd_riemannian,53,True,,0.0033137910068035126,3.0,7.0,False,False,-8.929127496524607,9.854970932006836,0.43236324191093445
uci,2,egd_riemannian,55,True,,0.004501542076468468,13.0,8.0,False,False,-9.966271653291411,14.054247856140137,0.3707217276096344
uci,2,egd_riemannian,56,True,,0.004473999957554042,13.0,7.0,False,False,-9.588117282055487,12.010242462158203,0.37446731328964233
uci,2,egd_riemannian,59,True,,0.00366379099432379,11.0,5.0,False,False,-9.343627237530404,9.004172325134277,0.43186259269714355
uci,2,egd_euclidean,4,False,risk_check,0.004226707969792187,20.0,,,,,,
uci,2,egd_euclidean,7,False,risk_check,0.00414754101075232,20.0,,,,,,
uci,2,egd_euclidean,8,False,risk_check,0.004209167091175914,20.0,,,,,,
uci,2,egd_euclidean,13,False,risk_check,0.004233499988913536,20.0,,,,,,
uci,2,egd_euclidean,14,False,risk_check,0.004148458014242351,20.0,,,,,,
uci,2,egd_euclidean,17,False,risk_check,0.004167167004197836,20.0,,,,,,
uci,2,egd_euclidean,25,False,risk_check,0.004154792055487633,20.0,,,,,,
uci,2,egd_euclidean,26,False,risk_check,0.004236500011757016,20.0,,,,,,
uci,2,egd_euclidean,30,False,risk_check,0.004190250067040324,20.0,,,,,,
uci,2,egd_euclidean,32,False,risk_check,0.004183041048236191,20.0,,,,,,
uci,2,egd_euclidean,35,False,risk_check,0.004132125061005354,20.0,,,,,,
uci,2,egd_euclidean,38,False,risk_check,0.004209791892208159,20.0,,,,,,
uci,2,egd_euclidean,40,False,risk_check,0.0041447499534115195,20.0,,,,,,
uci,2,egd_euclidean,42,False,risk_check,0.004116332973353565,20.0,,,,,,
uci,2,egd_euclidean,43,False,risk_check,0.004129167064093053,20.0,,,,,,
uci,2,egd_euclidean,45,False,risk_check,0.004170790896750987,20.0,,,,,,
uci,2,egd_euclidean,49,False,risk_check,0.0040720830438658595,20.0,,,,,,
uci,2,egd_euclidean,50,False,risk_check,0.00422104203607887,20.0,,,,,,
uci,2,egd_euclidean,51,False,risk_check,0.004102332983165979,20.0,,,,,,
uci,2,egd_euclidean,53,False,risk_check,0.00412666704505682,20.0,,,,,,
uci,2,egd_euclidean,55,False,risk_check,0.004220250062644482,20.0,,,,,,
uci,2,egd_euclidean,56,False,risk_check,0.004059874918311834,20.0,,,,,,
uci,2,egd_euclidean,59,False,risk_check,0.004119583056308329,20.0,,,,,,
uci,2,old_latent_pruning,4,True,,0.002530624973587692,,2.0,True,True,-7.769792628041081,0.15262551605701447,
uci,2,old_latent_pruning,7,True,,0.0021889160852879286,,2.0,True,True,-7.7652806107493735,0.037901949137449265,
uci,2,old_latent_pruning,8,True,,0.0021658330224454403,,2.0,True,True,-7.761789166215818,0.03661645948886871,
uci,2,old_latent_pruning,13,True,,0.002329332986846566,,3.0,True,True,-7.776526360563995,0.6457805037498474,
uci,2,old_latent_pruning,14,True,,0.002233250066637993,,2.0,True,True,-7.775278542178641,0.41843461990356445,
uci,2,old_latent_pruning,17,False,,0.0021301250671967864,,,,,,,
uci,2,old_latent_pruning,25,False,,0.002061125007458031,,,,,,,
uci,2,old_latent_pruning,26,True,,0.002128290943801403,,2.0,True,True,-7.7605106422452295,0.042563218623399734,
uci,2,old_latent_pruning,30,True,,0.0020332500571385026,,2.0,False,False,-7.761313573296569,0.07805994898080826,
uci,2,old_latent_pruning,32,False,,0.002087124972604215,,,,,,,
uci,2,old_latent_pruning,35,True,,0.002119417069479823,,2.0,False,False,-7.728632605946027,0.02389487996697426,
uci,2,old_latent_pruning,38,True,,0.002156791975721717,,2.0,False,False,-7.781555027754282,0.1526608020067215,
uci,2,old_latent_pruning,40,True,,0.0021745000267401338,,2.0,False,False,-7.763408921968811,0.022036593407392502,
uci,2,old_latent_pruning,42,True,,0.0021487089106813073,,3.0,True,True,-7.776899102118894,0.5906027555465698,
uci,2,old_latent_pruning,43,True,,0.002111208043061197,,2.0,False,False,-7.705131624942343,0.03749130666255951,
uci,2,old_latent_pruning,45,True,,0.0021253329468891025,,2.0,False,False,-7.765770757844735,0.027959927916526794,
uci,2,old_latent_pruning,49,True,,0.002136124996468425,,2.0,True,True,-7.840633170487431,0.129860058426857,
uci,2,old_latent_pruning,50,True,,0.002173250075429678,,2.0,False,False,-7.262135617391815,0.026640884578227997,
uci,2,old_latent_pruning,51,True,,0.002119750017300248,,2.0,False,False,-7.618019417759574,0.163585364818573,
uci,2,old_latent_pruning,53,True,,0.0021909159841015935,,2.0,True,True,-7.686897590012704,0.05931298807263374,
uci,2,old_latent_pruning,55,True,,0.0020810000132769346,,2.0,False,False,-7.668352304899108,0.059166643768548965,
uci,2,old_latent_pruning,56,True,,0.0021769580198451877,,2.0,False,False,-7.669612100172801,0.05290162190794945,
uci,2,old_latent_pruning,59,True,,0.0021683749509975314,,2.0,False,False,-7.766124175708745,0.043381061404943466,
uci,3,egd_riemannian,7,False,risk_check,0.005675000022165477,20.0,,,,,,
uci,3,egd_riemannian,10,False,risk_check,0.005721999914385378,20.0,,,,,,
uci,3,egd_riemannian,12,False,risk_check,0.004476959002204239,20.0,,,,,,
uci,3,egd_riemannian,13,False,risk_check,0.004297459032386541,20.0,,,,,,
uci,3,egd_riemannian,16,False,risk_check,0.00450833304785192,20.0,,,,,,
uci,3,egd_riemannian,18,False,risk_check,0.004594000056385994,20.0,,,,,,
uci,3,egd_riemannian,20,False,risk_check,0.00430479203350842,20.0,,,,,,
uci,3,egd_riemannian,22,False,risk_check,0.004148000036366284,20.0,,,,,,
uci,3,egd_riemannian,23,False,risk_check,0.00457166600972414,20.0,,,,,,
uci,3,egd_riemannian,25,False,risk_check,0.004332542070187628,20.0,,,,,,
uci,3,egd_riemannian,26,False,risk_check,0.004267917014658451,20.0,,,,,,
uci,3,egd_riemannian,30,False,risk_check,0.004128250060603023,20.0,,,,,,
uci,3,egd_riemannian,33,False,risk_check,0.004250249941833317,20.0,,,,,,
uci,3,egd_riemannian,35,False,risk_check,0.004236958106048405,20.0,,,,,,
uci,3,egd_riemannian,39,False,risk_check,0.0059512919979169965,20.0,,,,,,
uci,3,egd_riemannian,40,False,risk_check,0.0042293749283999205,20.0,,,,,,
uci,3,egd_riemannian,41,False,risk_check,0.004239666974171996,20.0,,,,,,
uci,3,egd_riemannian,45,False,risk_check,0.00426099996548146,20.0,,,,,,
uci,3,egd_riemannian,47,False,risk_check,0.004119083983823657,20.0,,,,,,
uci,3,egd_riemannian,48,False,risk_check,0.004162666969932616,20.0,,,,,,
uci,3,egd_riemannian,52,True,,0.004098667064681649,17.0,4.0,False,False,-13.157288797996785,6.858369827270508,0.4483306109905243
uci,3,egd_riemannian,56,False,risk_check,0.005273375078104436,20.0,,,,,,
uci,3,egd_euclidean,7,False,risk_check,0.004252959042787552,20.0,,,,,,
uci,3,egd_euclidean,10,False,risk_check,0.004155582981184125,20.0,,,,,,
uci,3,egd_euclidean,12,False,risk_check,0.004254958010278642,20.0,,,,,,
uci,3,egd_euclidean,13,False,risk_check,0.004173291032202542,20.0,,,,,,
uci,3,egd_euclidean,16,False,risk_check,0.004185292054899037,20.0,,,,,,
uci,3,egd_euclidean,18,False,risk_check,0.0041501669911667705,20.0,,,,,,
uci,3,egd_euclidean,20,False,risk_check,0.004227000055834651,20.0,,,,,,
uci,3,egd_euclidean,22,False,risk_check,0.0041781660402193666,20.0,,,,,,
uci,3,egd_euclidean,23,False,risk_check,0.004111916990950704,20.0,,,,,,
uci,3,egd_euclidean,25,False,risk_check,0.004089292022399604,20.0,,,,,,
uci,3,egd_euclidean,26,False,risk_check,0.004279125016182661,20.0,,,,,,
uci,3,egd_euclidean,30,False,risk_check,0.0041252919472754,20.0,,,,,,
uci,3,egd_euclidean,33,False,risk_check,0.004255458014085889,20.0,,,,,,
uci,3,egd_euclidean,35,False,risk_check,0.004091958049684763,20.0,,,,,,
uci,3,egd_euclidean,39,False,risk_check,0.004141750046983361,20.0,,,,,,
uci,3,egd_euclidean,40,False,risk_check,0.004275957937352359,20.0,,,,,,
uci,3,egd_euclidean,41,False,risk_check,0.004233208019286394,20.0,,,,,,
uci,3,egd_euclidean,45,False,risk_check,0.0041796250734478235,20.0,,,,,,
uci,3,egd_euclidean,47,False,risk_check,0.004251500009559095,20.0,,,,,,
uci,3,egd_euclidean,48,False,risk_check,0.004124708008021116,20.0,,,,,,
uci,3,egd_euclidean,52,False,risk_check,0.0042007919400930405,20.0,,,,,,
uci,3,egd_euclidean,56,False,risk_check,0.0044444589875638485,20.0,,,,,,
uci,3,old_latent_pruning,7,True,,0.002682708902284503,,2.0,True,True,-7.8869914879770295,0.2881045937538147,
uci,3,old_latent_pruning,10,False,,0.002222249982878566,,,,,,,
uci,3,old_latent_pruning,12,True,,0.002142207929864526,,2.0,True,True,-7.309677493770325,0.15878459811210632,
uci,3,old_latent_pruning,13,True,,0.0022780830040574074,,2.0,False,False,-7.297878603025222,0.03597758710384369,
uci,3,old_latent_pruning,16,True,,0.0022054160945117474,,2.0,True,True,-8.021723114000883,0.26009008288383484,
uci,3,old_latent_pruning,18,True,,0.0021062908926978707,,2.0,True,True,-9.023273761090252,0.08483359962701797,
uci,3,old_latent_pruning,20,True,,0.0021575000137090683,,2.0,True,True,-7.671777906488544,0.45406147837638855,
uci,3,old_latent_pruning,22,True,,0.002089999965392053,,2.0,True,True,-7.87452905488197,0.36655643582344055,
uci,3,old_latent_pruning,23,True,,0.0022602080134674907,,2.0,True,True,-8.204262177207754,0.10133491456508636,
uci,3,old_latent_pruning,25,False,,0.0020640409784391522,,,,,,,
uci,3,old_latent_pruning,26,True,,0.002146874903701246,,2.0,False,False,-8.255270650648352,0.2150789499282837,
uci,3,old_latent_pruning,30,True,,0.002095125033520162,,2.0,False,False,-7.95635630259962,0.10149125009775162,
uci,3,old_latent_pruning,33,False,,0.0020418750355020165,,,,,,,
uci,3,old_latent_pruning,35,False,,0.002052666968666017,,,,,,,
uci,3,old_latent_pruning,39,True,,0.002163583063520491,,2.0,True,True,-8.221180284119084,0.47305041551589966,
uci,3,old_latent_pruning,40,True,,0.0022327910410240293,,2.0,False,False,-7.416624588729827,0.05449650436639786,
uci,3,old_latent_pruning,41,True,,0.002253624959848821,,2.0,True,True,-7.999555214049269,0.5702466368675232,
uci,3,old_latent_pruning,45,False,,0.0020884579280391335,,,,,,,
uci,3,old_latent_pruning,47,False,,0.002040708903223276,,,,,,,
uci,3,old_latent_pruning,48,False,,0.0020092499908059835,,,,,,,
uci,3,old_latent_pruning,52,False,,0.002001583925448358,,,,,,,
uci,3,old_latent_pruning,56,True,,0.002233166014775634,,2.0,True,True,-7.553411193587834,0.076483353972435,
uci,4,egd_riemannian,3,False,risk_check,0.0054735420271754265,20.0,,,,,,
uci,4,egd_riemannian,4,False,risk_check,0.006177416886202991,20.0,,,,,,
uci,4,egd_riemannian,5,False,risk_check,0.004974292009137571,20.0,,,,,,
uci,4,egd_riemannian,11,False,risk_check,0.004971833084709942,20.0,,,,,,
uci,4,egd_riemannian,14,False,risk_check,0.004497667076066136,20.0,,,,,,
uci,4,egd_riemannian,17,False,risk_check,0.004313374985940754,20.0,,,,,,
uci,4,egd_riemannian,19,False,risk_check,0.004177332972176373,20.0,,,,,,
uci,4,egd_riemannian,20,False,risk_check,0.004712791997008026,20.0,,,,,,
uci,4,egd_riemannian,23,False,risk_check,0.004436667077243328,20.0,,,,,,
uci,4,egd_riemannian,27,False,risk_check,0.004165084101259708,20.0,,,,,,
uci,4,egd_riemannian,32,False,risk_check,0.004689875058829784,20.0,,,,,,
uci,4,egd_riemannian,33,False,risk_check,0.004816375090740621,20.0,,,,,,
uci,4,egd_riemannian,34,False,risk_check,0.004959749989211559,20.0,,,,,,
uci,4,egd_riemannian,36,False,risk_check,0.004178332979790866,20.0,,,,,,
uci,4,egd_riemannian,37,False,risk_check,0.0052172919968143106,20.0,,,,,,
uci,4,egd_riemannian,38,False,risk_check,0.00425033294595778,20.0,,,,,,
uci,4,egd_riemannian,40,False,risk_check,0.00417262502014637,20.0,,,,,,
uci,4,egd_riemannian,42,False,risk_check,0.0060407500714063644,20.0,,,,,,
uci,4,egd_riemannian,44,False,risk_check,0.004503707983531058,20.0,,,,,,
uci,4,egd_riemannian,45,False,risk_check,0.004553042002953589,20.0,,,,,,
uci,4,egd_riemannian,57,True,,0.004113125032745302,16.0,4.0,False,False,-11.290356441249068,7.112468719482422,0.4141201376914978
uci,4,egd_riemannian,58,False,risk_check,0.004495958099141717,20.0,,,,,,
uci,4,egd_riemannian,59,True,,0.002739541931077838,4.0,3.0,False,False,-9.449191104642535,4.748150825500488,0.4434386193752289
uci,4,egd_euclidean,3,False,risk_check,0.004218999994918704,20.0,,,,,,
uci,4,egd_euclidean,4,False,risk_check,0.004178917035460472,20.0,,,,,,
uci,4,egd_euclidean,5,False,risk_check,0.004189374973066151,20.0,,,,,,
uci,4,egd_euclidean,11,False,risk_check,0.004190791980363429,20.0,,,,,,
uci,4,egd_euclidean,14,False,risk_check,0.004172624903731048,20.0,,,,,,
uci,4,egd_euclidean,17,False,risk_check,0.004213707987219095,20.0,,,,,,
uci,4,egd_euclidean,19,False,risk_check,0.004135790979489684,20.0,,,,,,
uci,4,egd_euclidean,20,False,risk_check,0.004127833992242813,20.0,,,,,,
uci,4,egd_euclidean,23,False,risk_check,0.0041976249776780605,20.0,,,,,,
uci,4,egd_euclidean,27,False,risk_check,0.004124583909288049,20.0,,,,,,
uci,4,egd_euclidean,32,False,risk_check,0.0041328329825773835,20.0,,,,,,
uci,4,egd_euclidean,33,False,risk_check,0.004213458043523133,20.0,,,,,,
uci,4,egd_euclidean,34,False,risk_check,0.004117833916097879,20.0,,,,,,
uci,4,egd_euclidean,36,False,risk_check,0.004172750050202012,20.0,,,,,,
uci,4,egd_euclidean,37,False,risk_check,0.004196916939690709,20.0,,,,,,
uci,4,egd_euclidean,38,False,risk_check,0.004128207918256521,20.0,,,,,,
uci,4,egd_euclidean,40,False,risk_check,0.00409958406817168,20.0,,,,,,
uci,4,egd_euclidean,42,False,risk_check,0.004132083966396749,20.0,,,,,,
uci,4,egd_euclidean,44,False,risk_check,0.004236666951328516,20.0,,,,,,
uci,4,egd_euclidean,45,False,risk_check,0.0041785420617088675,20.0,,,,,,
uci,4,egd_euclidean,57,False,risk_check,0.0041215840028598905,20.0,,,,,,
uci,4,egd_euclidean,58,False,risk_check,0.004149999935179949,20.0,,,,,,
uci,4,egd_euclidean,59,False,risk_check,0.0040778330294415355,20.0,,,,,,
uci,4,old_latent_pruning,3,True,,0.002489374950528145,,2.0,True,True,-7.725881890815292,0.10203483700752258,
uci,4,old_latent_pruning,4,True,,0.0024826660519465804,,2.0,True,True,-7.37662492815269,2.8830904960632324,
uci,4,old_latent_pruning,5,True,,0.002250458928756416,,2.0,False,False,-7.208517121673312,0.07876721024513245,
uci,4,old_latent_pruning,11,True,,0.002186583005823195,,2.0,False,False,-7.810325427487852,0.13367357850074768,
uci,4,old_latent_pruning,14,True,,0.002204791991971433,,2.0,False,False,-7.773927771728992,0.18222713470458984,
uci,4,old_latent_pruning,17,False,,0.0022105840034782887,,,,,,,
uci,4,old_latent_pruning,19,False,,0.002104207989759743,,,,,,,
uci,4,old_latent_pruning,20,False,,0.0020848329877480865,,,,,,,
uci,4,old_latent_pruning,23,False,,0.0020001669181510806,,,,,,,
uci,4,old_latent_pruning,27,False,,0.002078082994557917,,,,,,,
uci,4,old_latent_pruning,32,True,,0.00209650001488626,,2.0,False,False,-7.941684434788741,0.060193393379449844,
uci,4,old_latent_pruning,33,True,,0.0021152920089662075,,2.0,True,True,-8.1049474803171,0.04245669022202492,
uci,4,old_latent_pruning,34,True,,0.002268292009830475,,2.0,False,False,-7.813770596069062,0.07389885932207108,
uci,4,old_latent_pruning,36,True,,0.0021022920263931155,,2.0,False,False,-7.81338240529718,0.05895984172821045,
uci,4,old_latent_pruning,37,True,,0.0022650830214843154,,2.0,False,False,-7.7596365655446,0.07652992010116577,
uci,4,old_latent_pruning,38,False,,0.0020904579432681203,,,,,,,
uci,4,old_latent_pruning,40,True,,0.0020970000186935067,,2.0,True,True,-7.606995508075245,0.12401741743087769,
uci,4,old_latent_pruning,42,True,,0.002121874946169555,,2.0,True,True,-8.112910246195156,0.0910891592502594,
uci,4,old_latent_pruning,44,True,,0.0021693329326808453,,3.0,True,True,-8.070963306006224,0.3905121684074402,
uci,4,old_latent_pruning,45,True,,0.002325583016499877,,2.0,True,True,-7.49325725568076,0.4262245297431946,
uci,4,old_latent_pruning,57,True,,0.002129875007085502,,2.0,True,True,-8.31106439696903,0.6173306703567505,
uci,4,old_latent_pruning,58,False,,0.002106499974615872,,,,,,,
uci,4,old_latent_pruning,59,True,,0.0021626250818371773,,2.0,True,True,-7.345030125463545,0.229696586728096,
